userId,movieId,rating,timestamp
1,10,2.5,
1,43,3.0,
1,34,4.5,
1,312,3.0,
1,273,3.5,
1,378,2.0,
1,56,5.0,
1,269,4.5,
1,246,4.0,
1,114,3.5,
1,266,3.0,
1,154,3.5,
1,77,4.0,
1,203,2.5,
1,279,2.5,
1,272,1.5,
1,94,2.5,
1,16,4.5,
1,125,3.0,
1,232,3.0,
1,1,3.5,
1,195,1.5,
1,368,4.0,
1,182,4.0,
1,79,3.5,
1,132,4.5,
1,127,2.0,
1,254,4.5,
1,245,2.5,
1,380,2.0,
1,379,3.0,
1,47,4.5,
1,224,3.0,
1,73,2.5,
1,282,2.0,
1,78,3.0,
1,348,1.5,
1,26,2.0,
1,109,4.5,
1,166,4.0,
1,141,3.0,
1,321,2.5,
1,91,3.0,
1,352,5.0,
1,302,3.5,
1,40,4.0,
1,57,3.0,
1,371,3.0,
1,149,3.5,
1,119,3.0,
1,117,1.5,
1,369,4.0,
1,58,2.5,
1,23,4.5,
1,32,3.5,
1,83,3.0,
1,156,3.5,
1,319,3.0,
1,74,2.5,
1,31,3.0,
1,181,3.5,
1,328,2.5,
1,327,2.5,
1,256,2.5,
1,173,4.0,
1,138,4.0,
2,296,3.0,
2,71,2.5,
2,208,4.5,
2,318,3.5,
2,114,3.5,
2,97,4.0,
2,94,3.5,
2,87,3.5,
2,125,4.0,
2,351,4.0,
2,304,3.5,
2,246,5.0,
2,232,4.5,
2,325,3.5,
2,236,2.5,
2,262,4.0,
2,159,3.5,
2,290,4.5,
2,386,4.0,
2,243,4.0,
2,124,3.5,
2,327,2.5,
2,368,3.0,
2,31,3.5,
2,323,2.0,
2,315,4.5,
2,244,5.0,
2,135,2.0,
2,207,2.0,
2,266,3.5,
2,371,3.0,
2,68,3.5,
2,40,3.5,
2,226,2.5,
2,198,4.5,
2,130,3.5,
2,363,3.0,
2,280,4.5,
2,373,3.0,
2,121,2.5,
2,64,3.5,
2,328,3.5,
2,329,4.0,
3,183,4.0,
3,16,2.0,
3,255,3.0,
3,305,4.0,
3,327,3.5,
3,13,3.5,
3,48,3.0,
3,333,4.0,
3,163,3.0,
3,241,3.0,
3,245,4.0,
3,68,2.0,
3,263,3.5,
3,375,2.5,
3,207,4.5,
3,83,3.0,
3,312,3.5,
3,79,3.5,
3,52,1.5,
3,28,2.5,
3,50,4.0,
3,61,4.0,
3,60,3.5,
3,221,2.0,
3,172,3.5,
3,91,4.0,
3,188,3.5,
3,373,4.0,
3,246,2.5,
3,376,3.0,
3,3,1.5,
3,176,4.0,
3,121,3.5,
3,174,2.0,
3,347,2.0,
3,44,2.5,
3,102,4.0,
3,284,3.0,
3,319,2.5,
3,316,2.5,
3,126,2.5,
3,56,1.5,
3,249,2.5,
3,43,2.5,
3,269,4.0,
3,217,3.0,
3,364,2.5,
3,271,5.0,
3,206,2.5,
3,33,4.0,
3,208,4.5,
3,362,2.0,
3,239,3.5,
3,279,3.0,
3,167,3.0,
3,138,3.5,
3,276,3.0,
3,212,3.0,
3,227,3.0,
3,357,3.0,
3,205,2.5,
3,232,4.0,
3,247,4.0,
3,77,3.5,
3,181,3.0,
3,94,2.5,
3,155,2.5,
3,21,5.0,
3,277,4.0,
3,80,2.5,
3,360,3.5,
3,190,3.0,
3,324,3.5,
3,186,3.5,
4,187,4.0,
4,91,2.0,
4,101,4.5,
4,203,4.5,
4,240,3.5,
4,105,3.0,
4,220,5.0,
4,238,3.5,
4,67,4.5,
4,308,3.0,
4,362,3.5,
4,322,2.5,
4,247,4.0,
4,321,3.5,
4,57,2.5,
4,43,2.5,
4,16,4.5,
4,277,5.0,
4,112,3.0,
5,344,2.5,
5,34,3.5,
5,29,3.5,
5,363,2.0,
5,83,4.0,
5,206,4.5,
5,182,3.0,
5,248,2.0,
5,28,3.0,
5,261,4.0,
5,338,4.0,
5,284,2.5,
5,48,4.5,
5,179,4.5,
5,81,3.0,
5,191,3.0,
5,4,3.0,
5,195,3.0,
5,115,4.0,
5,212,3.5,
5,276,4.0,
5,56,4.0,
5,381,5.0,
5,259,2.5,
5,194,3.5,
5,40,1.5,
5,368,2.5,
5,96,3.5,
5,252,3.5,
5,95,3.5,
5,348,3.0,
5,41,3.0,
5,244,4.5,
5,94,3.0,
5,197,5.0,
5,383,4.0,
5,25,4.0,
5,233,2.5,
5,59,4.0,
5,20,3.0,
5,283,2.5,
5,186,4.0,
5,251,2.5,
5,174,3.0,
5,360,3.5,
5,255,5.0,
5,79,3.0,
5,101,3.0,
5,99,4.0,
5,235,2.5,
5,57,3.5,
5,380,4.5,
5,385,3.0,
5,318,4.0,
5,113,3.5,
5,262,3.0,
5,355,3.0,
5,61,3.0,
5,87,3.5,
5,205,3.5,
5,139,4.0,
5,354,4.0,
5,45,1.5,
5,18,3.5,
6,131,4.0,
6,127,3.0,
6,199,3.5,
6,187,3.0,
6,210,4.0,
6,287,4.5,
6,9,4.0,
6,247,5.0,
6,62,3.0,
6,27,4.0,
6,327,2.5,
6,141,3.0,
6,263,5.0,
6,359,3.5,
6,192,3.0,
6,387,2.0,
6,378,3.0,
6,52,3.5,
6,302,2.5,
6,380,3.5,
6,290,5.0,
6,96,3.0,
6,282,3.0,
6,227,3.0,
6,97,3.0,
6,59,4.0,
6,53,4.0,
6,312,4.5,
6,165,5.0,
6,2,2.5,
6,214,4.0,
6,65,3.0,
6,6,4.5,
6,208,3.5,
6,40,4.0,
6,259,2.5,
6,365,3.5,
6,34,4.0,
6,379,5.0,
6,201,3.0,
6,338,3.5,
6,291,4.5,
6,299,3.0,
6,67,4.5,
6,253,4.0,
6,176,4.0,
6,354,4.0,
6,301,3.5,
6,316,4.0,
6,25,3.0,
6,300,3.5,
6,170,4.0,
6,262,4.0,
6,98,3.5,
6,166,3.0,
6,250,3.0,
6,272,4.0,
6,142,4.5,
6,252,3.0,
6,305,3.0,
6,322,4.0,
6,207,4.0,
6,286,2.5,
7,181,3.5,
7,375,5.0,
7,336,1.5,
7,98,2.5,
7,52,2.5,
7,363,3.0,
7,69,4.0,
7,165,3.5,
7,114,4.0,
7,131,3.0,
7,311,2.0,
7,274,2.5,
7,71,3.5,
7,205,3.5,
7,78,4.0,
7,140,3.5,
7,155,2.0,
7,104,2.5,
7,42,3.5,
7,261,3.5,
7,220,4.0,
7,213,2.5,
7,293,2.0,
7,246,3.0,
7,175,4.5,
7,22,2.5,
7,14,3.5,
7,327,3.5,
7,259,4.0,
7,151,4.5,
7,13,4.5,
7,235,2.5,
7,130,1.5,
7,192,2.5,
7,239,3.0,
7,80,3.0,
7,301,4.5,
7,74,3.0,
7,320,3.5,
7,297,3.5,
7,111,3.0,
7,223,1.5,
8,331,3.5,
8,39,4.0,
8,226,4.0,
8,237,2.5,
8,110,3.5,
8,151,3.5,
8,285,3.5,
8,275,4.5,
8,253,3.0,
8,288,4.0,
8,322,3.5,
8,80,4.0,
8,150,4.0,
8,262,2.5,
8,366,4.0,
8,357,5.0,
8,217,2.5,
8,278,3.5,
8,227,4.5,
8,347,4.0,
8,211,4.0,
8,334,2.0,
8,335,4.0,
8,62,3.0,
8,182,4.0,
8,68,3.5,
8,71,5.0,
8,230,4.0,
8,310,3.5,
8,235,2.5,
8,85,4.0,
8,244,4.5,
8,238,3.5,
8,368,3.5,
8,200,3.0,
8,174,4.0,
8,20,4.5,
8,361,5.0,
8,5,3.0,
8,9,4.0,
8,296,3.5,
8,202,3.5,
8,302,4.0,
8,26,4.0,
8,122,4.0,
8,364,3.0,
8,15,3.0,
9,345,3.0,
9,18,3.5,
9,130,2.5,
9,227,3.5,
9,42,3.5,
9,174,3.5,
9,21,2.0,
9,142,3.0,
9,77,4.5,
9,11,3.0,
9,23,3.5,
9,304,3.5,
9,98,4.5,
9,310,4.5,
9,92,4.0,
9,71,2.5,
9,301,3.5,
9,176,4.0,
9,37,3.0,
9,220,2.5,
9,373,5.0,
9,125,3.0,
9,184,4.5,
9,143,4.0,
9,284,3.5,
9,299,4.0,
9,234,2.5,
9,45,3.5,
9,60,4.5,
9,305,4.0,
9,244,3.5,
9,357,5.0,
9,289,3.5,
9,336,3.0,
9,352,3.5,
9,177,4.0,
9,367,2.0,
9,245,3.5,
9,258,4.0,
9,178,3.0,
9,61,4.5,
9,380,4.0,
9,90,5.0,
9,370,3.0,
9,172,4.0,
9,210,2.5,
9,251,2.0,
9,56,2.0,
9,277,4.0,
9,325,3.5,
9,196,3.0,
9,223,2.0,
9,144,3.0,
9,26,3.5,
9,226,4.0,
9,261,3.5,
9,148,3.5,
10,200,3.0,
10,161,4.5,
10,368,3.0,
10,34,3.0,
10,225,3.5,
10,252,3.5,
10,41,3.5,
10,26,3.5,
10,275,3.0,
10,254,4.0,
10,382,4.0,
10,292,2.5,
10,370,3.0,
10,176,3.5,
10,248,3.0,
10,42,4.0,
10,238,3.5,
10,255,3.5,
10,346,3.0,
10,300,2.0,
10,306,2.0,
10,258,4.0,
10,262,3.5,
10,354,4.0,
10,172,3.5,
10,260,3.5,
10,288,4.5,
10,168,4.0,
10,106,4.5,
10,232,3.5,
10,211,3.5,
10,51,3.5,
10,331,3.0,
10,361,3.0,
10,89,3.5,
10,151,3.5,
10,191,3.5,
10,24,2.5,
10,14,4.0,
10,143,4.0,
10,68,5.0,
10,328,4.0,
10,125,3.5,
10,231,2.5,
10,298,4.5,
10,320,3.5,
10,240,3.5,
10,373,3.5,
10,371,3.0,
10,228,4.0,
10,186,2.5,
10,236,5.0,
11,378,4.0,
11,19,2.5,
11,122,3.5,
11,197,3.0,
11,41,2.5,
11,154,2.0,
11,113,3.0,
11,194,3.5,
11,70,3.5,
11,7,3.0,
11,87,3.0,
11,74,3.0,
11,66,3.0,
11,209,2.0,
11,305,3.0,
11,144,2.5,
11,353,4.0,
11,178,3.0,
11,347,3.5,
11,29,3.0,
11,375,3.0,
11,133,4.0,
11,242,3.5,
11,336,2.5,
11,323,3.5,
11,341,2.5,
11,332,3.0,
11,365,4.5,
11,172,2.0,
11,329,3.0,
11,285,3.5,
11,292,3.5,
11,253,2.0,
11,193,2.0,
12,182,4.5,
12,310,4.5,
12,110,3.5,
12,283,5.0,
12,253,5.0,
12,244,4.5,
12,210,3.0,
12,178,3.0,
12,250,3.5,
12,217,3.5,
12,166,3.5,
12,265,4.5,
12,58,4.0,
12,114,4.0,
12,342,3.5,
12,23,3.5,
12,35,4.5,
12,275,2.0,
12,149,4.0,
12,203,4.0,
12,15,4.5,
12,61,3.0,
12,200,3.0,
12,207,4.5,
12,52,2.5,
12,91,5.0,
12,315,4.0,
12,89,5.0,
13,336,3.0,
13,349,5.0,
13,266,3.5,
13,37,4.5,
13,49,5.0,
13,290,4.0,
13,316,3.0,
13,147,2.5,
13,153,5.0,
13,231,3.5,
13,175,3.0,
13,280,2.5,
13,221,3.0,
13,105,4.5,
13,228,4.5,
14,243,4.0,
14,204,4.0,
14,203,3.5,
14,175,4.5,
14,12,4.0,
14,228,4.0,
14,107,3.0,
14,76,5.0,
14,85,4.5,
14,145,3.5,
14,290,5.0,
14,266,3.5,
14,337,3.5,
14,254,3.5,
14,11,2.5,
14,361,4.5,
14,165,2.5,
14,66,3.0,
14,224,2.5,
14,97,4.0,
14,161,4.0,
14,251,3.5,
14,53,3.0,
14,136,3.0,
14,284,4.5,
14,65,3.5,
14,289,4.0,
14,198,3.5,
14,240,4.0,
14,55,5.0,
14,332,4.5,
14,171,3.5,
14,163,4.0,
14,156,4.0,
14,113,4.0,
14,44,3.5,
14,215,4.0,
14,328,4.0,
14,125,3.0,
14,57,3.0,
14,318,3.0,
14,356,2.5,
14,357,3.0,
14,18,4.0,
15,227,3.0,
15,372,4.0,
15,375,3.0,
15,179,3.5,
15,305,3.0,
15,331,4.5,
15,60,1.5,
15,300,2.5,
15,33,3.5,
15,133,4.5,
15,376,3.0,
15,241,2.5,
15,136,4.0,
15,163,3.5,
15,319,4.5,
15,5,2.0,
15,164,4.0,
15,362,2.0,
15,102,3.0,
15,167,3.5,
15,311,3.5,
15,77,4.0,
15,39,2.0,
15,247,3.5,
15,207,4.0,
15,28,3.5,
15,143,2.5,
15,360,4.0,
15,182,2.5,
15,31,2.5,
15,65,2.5,
15,95,3.0,
15,265,3.5,
16,79,2.5,
16,31,2.0,
16,305,3.0,
16,60,5.0,
16,72,3.5,
16,118,4.0,
16,180,2.5,
16,388,2.0,
16,46,2.5,
16,115,3.5,
16,311,2.0,
16,385,2.5,
16,38,3.0,
16,179,2.5,
16,213,1.5,
16,94,3.5,
16,142,3.5,
16,8,4.0,
16,210,2.5,
16,202,4.0,
16,161,4.5,
16,152,3.5,
16,340,3.0,
16,134,3.5,
16,301,3.0,
16,110,2.5,
16,298,4.0,
16,91,3.0,
16,54,4.5,
16,316,3.0,
16,236,3.0,
16,346,3.0,
16,264,2.5,
16,373,4.0,
16,241,5.0,
16,217,3.0,
16,280,3.0,
16,157,3.0,
16,267,3.0,
16,22,4.5,
17,17,3.5,
17,119,4.5,
17,127,5.0,
17,319,3.0,
17,204,4.5,
17,140,3.5,
17,151,4.0,
17,341,4.0,
17,106,4.0,
17,276,5.0,
17,211,2.5,
17,353,2.5,
17,63,2.5,
17,110,4.5,
17,306,3.0,
17,263,4.0,
17,34,3.5,
17,18,3.0,
17,267,4.5,
17,300,3.5,
17,194,3.5,
17,161,4.0,
17,282,4.5,
17,264,3.0,
17,44,4.5,
17,340,5.0,
17,142,2.5,
17,78,4.0,
17,100,3.5,
17,356,4.5,
17,229,3.0,
17,60,5.0,
17,19,2.5,
17,121,3.5,
17,113,4.0,
18,56,5.0,
18,360,3.0,
18,342,4.0,
18,302,3.0,
18,197,1.5,
18,49,3.0,
18,373,3.0,
18,81,3.0,
18,148,3.0,
18,381,3.5,
18,84,3.0,
18,86,2.5,
18,156,3.5,
18,108,2.0,
18,362,1.5,
18,315,4.0,
18,102,3.5,
18,348,3.5,
18,327,2.0,
18,59,3.0,
18,337,3.0,
18,218,2.0,
18,263,2.5,
18,14,4.0,
18,109,4.5,
18,358,3.0,
18,118,4.0,
18,208,2.0,
18,124,4.0,
18,389,2.5,
18,240,3.5,
18,174,3.0,
18,250,4.5,
18,221,2.5,
18,4,4.0,
18,7,3.0,
18,295,3.0,
18,265,3.0,
18,336,2.5,
18,10,3.5,
18,145,3.5,
18,165,3.5,
18,75,3.5,
18,36,4.0,
18,15,4.0,
18,328,2.5,
18,168,4.0,
18,23,2.5,
18,291,4.0,
18,248,4.0,
18,243,2.0,
18,244,3.5,
18,292,3.0,
18,222,2.5,
18,356,4.5,
18,119,3.0,
18,349,2.5,
18,201,3.5,
18,232,4.0,
18,267,3.0,
18,82,4.5,
18,80,4.0,
18,354,1.5,
18,125,3.0,
18,280,3.0,
18,251,3.5,
18,122,1.0,
18,304,5.0,
18,322,4.0,
18,326,3.5,
18,54,4.5,
18,344,5.0,
19,68,3.0,
19,277,3.5,
19,377,5.0,
19,194,3.5,
19,148,3.5,
19,134,3.0,
19,117,4.0,
19,159,2.5,
19,130,5.0,
19,3,3.0,
19,4,3.0,
19,252,4.0,
19,144,2.5,
19,381,4.0,
19,187,4.5,
19,318,3.0,
19,51,5.0,
19,324,4.0,
19,125,4.0,
19,70,4.5,
19,167,4.5,
19,385,3.5,
19,82,4.0,
19,160,4.5,
19,154,2.5,
19,180,2.0,
19,66,3.0,
19,239,2.0,
19,380,3.0,
19,59,3.5,
19,303,3.0,
19,186,3.0,
19,88,2.5,
19,185,4.0,
19,345,2.5,
19,169,1.5,
19,50,3.0,
19,81,4.0,
19,18,3.5,
19,45,2.5,
19,122,3.5,
19,376,3.5,
19,193,3.5,
19,215,3.0,
19,76,3.5,
19,179,2.0,
19,140,2.5,
19,273,2.0,
19,184,4.5,
19,233,4.0,
19,344,3.5,
19,26,2.0,
19,114,4.0,
19,276,4.5,
19,29,3.5,
19,375,3.5,
19,133,4.0,
19,308,3.5,
19,373,4.0,
19,61,4.0,
19,339,3.0,
19,19,3.0,
19,235,3.0,
19,178,3.5,
19,16,3.0,
19,366,2.5,
19,64,3.5,
20,180,4.0,
20,99,4.0,
20,178,3.5,
20,27,2.5,
20,19,3.0,
20,254,3.5,
20,339,3.0,
20,159,4.0,
20,219,3.5,
20,187,3.5,
20,232,3.5,
20,119,2.0,
20,3,3.0,
20,103,3.0,
20,59,4.0,
20,78,3.5,
20,114,3.0,
20,331,2.0,
20,243,2.0,
20,44,3.5,
20,67,2.5,
20,11,3.5,
20,192,1.5,
20,298,4.5,
20,269,3.5,
20,17,3.0,
20,366,4.5,
20,190,4.0,
20,5,2.5,
20,312,3.0,
20,13,1.5,
20,310,4.0,
20,136,3.0,
21,60,2.0,
21,166,3.0,
21,145,3.5,
21,279,3.0,
21,306,4.0,
21,272,5.0,
21,121,3.5,
21,215,4.0,
21,377,5.0,
21,196,2.5,
21,258,3.0,
21,262,2.5,
21,70,3.5,
21,350,3.5,
21,305,2.5,
21,127,3.0,
21,290,4.0,
21,42,2.0,
21,173,2.5,
21,185,2.5,
21,35,3.5,
21,192,4.0,
21,296,1.5,
21,359,3.0,
21,164,2.5,
21,317,4.0,
21,336,3.0,
21,257,3.0,
21,295,3.0,
21,335,4.0,
21,333,4.5,
22,93,2.0,
22,293,3.0,
22,265,3.0,
22,132,2.5,
22,106,2.5,
22,204,3.5,
22,55,2.5,
22,382,2.0,
22,163,4.0,
22,86,3.5,
22,339,4.5,
22,104,3.5,
22,195,2.0,
22,383,3.0,
22,318,2.0,
22,151,1.5,
22,227,2.5,
22,120,4.0,
22,107,3.0,
22,152,2.0,
22,337,2.5,
22,291,3.0,
22,34,1.5,
22,97,3.5,
22,39,3.0,
22,29,2.0,
22,96,2.0,
22,18,4.0,
22,20,2.5,
22,143,4.0,
22,136,4.5,
22,355,4.0,
22,194,2.5,
22,254,1.0,
22,241,3.5,
22,230,4.5,
22,245,3.0,
22,181,1.5,
22,3,2.5,
22,210,3.0,
22,322,2.0,
22,5,1.0,
22,320,3.0,
22,288,2.5,
22,321,4.5,
22,150,3.0,
22,185,3.5,
22,83,3.0,
22,316,3.0,
22,278,1.5,
22,95,2.0,
22,188,4.0,
22,92,3.0,
22,367,2.5,
22,53,3.5,
22,212,3.5,
22,14,4.5,
22,309,3.0,
22,361,2.0,
22,259,3.0,
22,71,3.5,
22,364,4.0,
22,277,1.5,
22,264,3.0,
22,386,2.5,
22,11,2.5,
22,375,3.5,
23,79,2.5,
23,342,4.5,
23,371,3.5,
23,246,2.0,
23,88,3.0,
23,357,4.0,
23,284,5.0,
23,92,2.5,
23,330,1.0,
23,333,2.5,
23,26,4.5,
23,335,2.0,
23,245,4.5,
23,331,4.5,
23,161,3.5,
23,224,3.0,
23,232,3.5,
23,276,4.0,
23,58,4.0,
23,34,5.0,
23,351,3.0,
23,374,2.5,
23,101,2.5,
23,113,2.0,
23,365,3.5,
23,249,3.5,
24,159,3.5,
24,27,2.5,
24,310,3.0,
24,280,2.5,
24,123,4.5,
24,225,4.5,
24,306,4.5,
24,74,3.0,
24,362,3.0,
24,218,2.5,
24,30,4.5,
24,358,4.0,
24,344,4.0,
24,118,3.0,
24,46,1.5,
24,259,2.0,
24,69,3.0,
24,119,2.5,
24,263,2.5,
24,269,3.5,
24,323,4.0,
24,98,2.5,
24,140,2.0,
24,248,2.5,
24,99,2.5,
24,90,3.5,
24,117,3.0,
24,112,4.5,
24,40,3.5,
24,18,4.5,
24,198,2.0,
24,267,0.5,
24,377,3.5,
24,45,3.0,
24,174,3.0,
24,28,3.0,
24,116,2.0,
24,103,3.5,
24,279,3.5,
24,14,2.0,
24,330,3.0,
24,50,3.0,
24,210,2.5,
24,285,2.0,
24,104,3.0,
24,212,3.5,
24,53,2.5,
24,230,2.0,
24,180,3.5,
24,388,2.5,
24,274,3.0,
24,214,3.0,
25,230,4.0,
25,269,3.5,
25,23,4.0,
25,21,4.0,
25,10,3.5,
25,151,4.0,
25,290,2.5,
25,286,3.5,
25,187,4.0,
25,2,3.5,
25,224,3.5,
25,389,3.0,
25,96,2.5,
25,351,4.0,
25,66,3.0,
25,97,2.0,
25,215,3.0,
25,193,3.0,
25,185,4.5,
25,158,4.0,
25,43,3.0,
25,311,3.0,
25,272,4.5,
25,39,4.5,
25,371,3.0,
25,330,4.5,
25,75,3.5,
25,46,4.5,
25,84,3.5,
25,175,4.5,
25,352,2.5,
25,174,3.5,
25,387,4.5,
25,284,1.5,
25,143,3.5,
25,283,3.5,
25,209,4.0,
25,262,4.5,
25,285,4.0,
25,49,4.0,
25,333,3.5,
25,341,3.5,
25,33,4.0,
26,42,5.0,
26,3,3.0,
26,59,4.0,
26,343,4.0,
26,374,3.5,
26,205,3.5,
26,152,3.5,
26,386,3.0,
26,171,4.5,
26,335,2.5,
26,123,3.5,
26,118,2.5,
26,114,4.5,
26,376,3.5,
26,173,3.0,
26,183,4.0,
26,161,2.0,
26,122,4.0,
26,243,4.5,
26,18,4.0,
26,94,3.5,
26,287,2.5,
26,326,4.5,
26,339,4.5,
26,362,3.0,
26,294,3.0,
26,138,4.5,
26,177,4.0,
26,190,2.0,
26,179,3.5,
26,307,3.5,
26,80,4.0,
26,32,3.5,
26,191,3.5,
26,274,4.0,
26,269,3.5,
26,219,5.0,
26,214,4.0,
26,204,3.5,
26,350,5.0,
26,75,2.5,
26,367,3.5,
26,163,3.0,
26,56,4.0,
26,5,3.5,
26,306,4.0,
26,16,4.0,
26,6,4.5,
26,124,4.0,
26,297,3.5,
26,70,2.5,
26,303,4.5,
26,58,5.0,
26,273,3.0,
26,17,4.5,
26,302,2.5,
26,95,4.0,
26,62,4.0,
26,323,3.5,
26,244,3.5,
26,238,4.5,
27,36,3.0,
27,303,4.5,
27,261,3.5,
27,340,4.0,
27,332,3.0,
27,52,3.0,
27,265,4.0,
27,14,3.5,
27,37,3.0,
27,139,3.0,
27,195,4.0,
27,31,3.0,
27,359,3.5,
27,213,3.5,
27,130,2.0,
27,93,2.5,
27,216,4.0,
27,344,3.0,
27,73,4.5,
27,380,4.5,
27,317,4.0,
27,88,5.0,
27,116,3.5,
27,182,4.0,
27,326,3.0,
27,66,5.0,
27,3,5.0,
27,203,3.5,
27,209,4.0,
27,321,4.5,
27,35,3.5,
27,92,3.0,
27,43,4.5,
27,356,3.5,
27,243,4.0,
27,72,3.0,
27,29,2.5,
27,291,4.0,
27,33,4.5,
27,90,3.5,
27,373,5.0,
27,123,3.0,
27,186,3.0,
27,4,3.5,
27,211,3.5,
27,82,4.5,
27,185,3.0,
27,159,4.5,
27,71,5.0,
27,101,3.5,
27,385,4.5,
27,122,3.0,
27,38,4.5,
27,1,4.5,
27,379,4.5,
27,118,3.5,
27,98,1.5,
27,49,3.0,
28,148,3.0,
28,274,2.5,
28,213,4.0,
28,209,4.0,
28,74,3.5,
28,295,3.0,
28,182,3.5,
28,143,3.5,
28,206,5.0,
28,307,4.5,
28,310,3.5,
28,270,4.0,
28,116,4.5,
28,366,3.5,
28,19,2.5,
28,93,2.5,
28,161,5.0,
28,192,3.5,
28,250,4.0,
28,363,3.5,
28,125,3.0,
28,241,3.0,
28,292,3.0,
28,193,4.5,
28,249,5.0,
28,220,4.0,
28,205,2.5,
28,123,4.0,
28,369,5.0,
28,41,4.5,
28,109,4.0,
28,374,3.5,
28,357,4.0,
28,12,5.0,
28,64,4.5,
29,177,3.0,
29,147,3.5,
29,112,1.5,
29,157,2.5,
29,243,2.5,
29,354,2.5,
29,288,3.5,
29,98,3.0,
29,23,3.0,
29,70,3.5,
29,332,4.5,
29,359,4.5,
29,188,1.5,
29,54,3.5,
29,320,3.0,
29,214,3.5,
29,269,3.0,
29,138,3.5,
29,289,3.5,
29,182,2.5,
29,33,2.5,
29,183,3.0,
29,268,3.5,
29,69,3.5,
29,160,4.0,
29,270,3.0,
29,136,3.5,
29,267,4.0,
29,184,4.0,
29,124,3.0,
29,260,3.0,
29,77,3.5,
29,111,2.5,
29,342,3.0,
29,143,4.0,
29,235,3.5,
29,238,3.0,
29,162,3.5,
29,97,2.5,
29,217,4.0,
29,220,3.0,
29,56,3.0,
29,49,3.0,
29,158,3.0,
29,106,3.0,
29,22,3.5,
29,315,3.0,
29,89,4.5,
29,55,4.5,
29,28,2.5,
29,322,3.5,
29,15,2.5,
29,2,3.0,
29,48,5.0,
29,248,3.0,
29,211,3.5,
29,317,3.5,
29,319,2.5,
29,312,2.5,
29,200,2.0,
29,253,2.5,
29,192,1.0,
29,255,3.5,
29,47,5.0,
29,294,3.5,
29,125,2.0,
29,305,2.5,
29,79,3.0,
29,343,2.5,
30,184,3.5,
30,76,2.0,
30,125,4.5,
30,58,2.5,
30,55,2.5,
30,271,3.5,
30,112,3.0,
30,321,3.5,
30,333,4.0,
30,26,3.0,
30,31,2.5,
30,96,4.0,
30,307,3.0,
30,195,2.5,
30,113,3.5,
30,106,2.0,
30,101,3.5,
30,260,3.5,
30,376,4.5,
30,9,3.0,
30,194,4.5,
30,45,4.0,
30,264,3.5,
30,253,5.0,
30,373,3.5,
30,305,3.0,
30,158,3.5,
30,3,3.0,
30,10,3.5,
30,337,4.5,
30,91,3.5,
30,161,3.5,
30,128,4.0,
30,247,4.5,
30,143,3.0,
30,346,3.5,
30,332,4.0,
30,198,3.5,
30,30,2.0,
30,166,4.0,
30,181,4.0,
30,61,4.0,
30,178,2.5,
30,63,3.5,
30,89,4.0,
30,232,2.5,
30,236,3.0,
30,254,4.0,
30,11,3.0,
30,360,3.5,
30,345,2.5,
30,5,5.0,
30,230,4.0,
30,347,3.0,
30,291,3.0,
30,293,2.5,
30,331,3.5,
30,140,4.0,
30,185,3.0,
30,62,3.5,
30,90,3.0,
30,255,4.5,
30,188,3.0,
30,362,4.0,
30,139,4.5,
30,92,3.0,
30,284,3.0,
30,111,4.0,
30,221,2.0,
30,65,4.0,
30,135,2.0,
30,226,4.5,
30,170,3.0,
30,104,3.5,
30,386,3.0,
31,265,2.0,
31,324,3.0,
31,236,3.5,
31,234,2.0,
31,110,3.0,
31,239,3.5,
31,342,3.5,
31,253,5.0,
31,272,3.0,
31,261,2.5,
31,279,5.0,
31,158,4.5,
31,303,2.5,
31,237,4.0,
31,190,4.0,
31,318,3.5,
31,11,4.0,
31,220,3.0,
31,127,4.0,
31,24,3.0,
31,301,1.5,
31,186,3.5,
31,252,2.0,
31,116,4.5,
31,238,2.5,
31,289,1.5,
31,166,2.0,
31,277,3.5,
31,339,3.5,
31,235,2.5,
31,80,2.5,
31,61,3.5,
31,381,4.5,
31,245,2.5,
31,350,4.0,
31,181,2.0,
31,49,4.0,
31,229,4.0,
31,177,4.0,
31,264,4.5,
31,4,4.0,
31,348,5.0,
31,133,3.5,
31,93,5.0,
31,35,2.5,
31,367,3.5,
31,53,3.5,
31,304,2.5,
31,178,1.5,
31,274,4.0,
31,200,3.0,
31,125,3.0,
31,119,5.0,
31,2,4.0,
31,356,5.0,
31,70,3.5,
31,192,4.0,
31,139,3.5,
31,88,3.0,
31,353,4.0,
31,246,3.0,
31,347,4.0,
31,48,3.0,
31,306,3.5,
31,67,3.5,
31,275,4.5,
31,319,3.0,
31,56,4.5,
31,103,3.0,
31,8,3.5,
31,82,3.0,
31,340,4.5,
32,225,3.0,
32,183,3.5,
32,222,2.5,
32,86,3.5,
32,214,3.5,
32,348,3.5,
32,179,4.5,
32,107,4.5,
32,233,3.5,
32,295,2.5,
32,302,3.5,
32,234,3.0,
32,325,3.5,
32,92,3.5,
32,119,4.5,
32,152,3.5,
32,384,3.0,
32,150,2.5,
32,65,3.5,
32,60,3.5,
32,370,3.5,
32,27,4.0,
32,323,2.5,
32,181,3.0,
32,172,3.5,
32,155,3.0,
32,156,3.0,
32,151,3.5,
32,26,4.0,
32,29,3.5,
32,386,2.0,
32,322,3.0,
32,292,4.0,
32,285,4.0,
32,89,4.0,
32,39,4.5,
32,121,3.5,
32,356,3.5,
32,357,2.5,
32,136,2.0,
32,365,2.5,
32,24,3.0,
32,207,2.5,
32,161,3.5,
32,43,3.0,
32,48,4.5,
32,185,2.5,
32,350,3.5,
32,125,3.0,
32,124,2.5,
32,188,3.0,
32,231,2.0,
32,54,4.0,
32,251,4.5,
32,235,3.5,
32,111,3.5,
32,63,3.5,
32,110,3.0,
32,140,4.0,
32,277,4.0,
32,170,1.0,
32,164,2.5,
32,145,2.0,
32,153,5.0,
33,153,4.0,
33,262,5.0,
33,357,3.5,
33,48,2.5,
33,130,4.0,
33,372,3.5,
33,99,3.0,
33,150,4.5,
33,257,5.0,
33,72,3.0,
33,251,4.5,
33,360,3.5,
33,225,4.0,
33,387,4.0,
33,80,4.0,
33,219,4.5,
33,226,3.0,
33,381,5.0,
33,25,4.5,
33,284,4.5,
33,344,3.5,
33,180,3.0,
33,107,5.0,
33,97,3.0,
33,337,4.0,
33,139,4.5,
33,182,4.0,
33,338,5.0,
33,124,3.5,
33,265,3.0,
33,347,4.0,
33,57,4.0,
33,42,5.0,
34,5,3.0,
34,23,2.5,
34,370,2.0,
34,7,3.0,
34,74,3.0,
34,22,3.5,
34,239,3.5,
34,51,3.0,
34,181,4.0,
34,60,2.0,
34,44,3.5,
34,154,2.0,
34,66,2.5,
34,11,2.0,
34,359,4.0,
34,242,3.0,
34,198,3.0,
34,65,2.5,
34,249,3.0,
34,299,2.5,
34,148,3.5,
34,290,2.5,
34,41,4.5,
34,48,2.0,
35,343,3.5,
35,104,2.5,
35,309,3.5,
35,322,3.0,
35,191,4.0,
35,118,3.0,
35,212,3.5,
35,315,3.0,
35,341,3.0,
35,353,3.5,
35,133,3.5,
35,139,2.0,
35,278,4.0,
35,41,1.5,
35,57,2.5,
35,263,3.0,
35,179,3.5,
35,110,4.5,
35,64,1.5,
35,277,2.5,
35,367,1.5,
35,38,3.0,
35,177,3.5,
35,379,4.5,
35,247,3.0,
35,107,4.0,
35,73,3.5,
35,103,2.5,
35,105,2.0,
35,234,3.5,
35,28,2.0,
36,110,4.0,
36,153,2.0,
36,261,3.5,
36,254,3.5,
36,266,3.5,
36,158,3.5,
36,173,2.0,
36,247,3.0,
36,176,3.5,
36,125,4.5,
36,252,3.0,
36,321,3.5,
36,124,2.5,
36,316,2.0,
36,101,2.0,
36,226,3.0,
36,118,5.0,
36,211,3.0,
36,310,3.5,
36,42,3.5,
36,299,2.5,
36,64,3.0,
36,20,3.5,
36,198,3.5,
36,34,1.5,
36,193,3.5,
36,332,2.5,
36,336,2.5,
36,255,3.5,
36,324,4.5,
36,144,3.0,
36,187,4.0,
36,326,2.0,
36,90,3.0,
36,240,2.5,
36,141,3.5,
36,245,3.0,
36,270,2.0,
36,102,2.5,
36,84,2.0,
36,362,2.0,
36,32,3.5,
36,291,3.0,
36,388,3.5,
36,309,4.5,
36,126,3.0,
36,97,3.5,
36,174,3.0,
36,243,5.0,
36,91,0.5,
36,348,2.5,
36,106,3.5,
36,346,2.5,
36,284,3.5,
36,214,3.0,
36,325,4.0,
36,15,2.0,
37,168,3.0,
37,250,3.5,
37,76,3.5,
37,331,4.0,
37,375,4.5,
37,302,3.0,
37,333,4.5,
37,201,3.0,
37,28,3.0,
37,193,4.5,
37,210,4.5,
37,59,4.5,
37,101,2.5,
37,343,3.5,
37,47,4.5,
37,15,4.0,
37,322,3.0,
37,328,4.0,
37,381,3.0,
37,99,5.0,
37,129,5.0,
37,64,4.0,
37,288,5.0,
37,23,4.0,
37,272,4.5,
37,361,5.0,
37,71,4.0,
37,348,3.5,
37,276,2.5,
37,46,3.5,
37,103,4.5,
37,90,4.5,
37,134,4.0,
37,121,3.5,
37,86,2.0,
37,184,3.5,
37,58,3.5,
37,163,3.5,
37,228,4.5,
37,296,5.0,
37,223,4.0,
37,364,3.5,
37,362,3.5,
37,196,4.0,
37,162,3.0,
37,106,4.0,
37,174,4.0,
37,140,4.0,
37,287,4.0,
37,44,4.0,
37,68,2.5,
37,261,4.5,
37,206,3.0,
37,219,3.0,
37,136,3.0,
37,102,4.0,
37,325,3.5,
38,230,2.0,
38,194,3.0,
38,103,4.0,
38,36,3.0,
38,108,3.0,
38,294,2.5,
38,267,2.5,
38,11,4.5,
38,281,3.5,
38,153,3.5,
38,96,4.5,
38,149,2.0,
38,277,4.0,
38,337,2.0,
38,203,3.0,
38,75,2.5,
38,316,4.0,
38,293,1.5,
38,13,3.0,
38,106,2.5,
38,259,2.5,
38,252,2.5,
38,192,4.5,
38,326,3.0,
38,374,4.5,
38,93,5.0,
38,371,5.0,
38,260,3.0,
38,33,3.5,
39,348,3.5,
39,213,1.5,
39,114,3.0,
39,215,4.0,
39,120,3.5,
39,340,3.5,
39,101,2.5,
39,156,2.0,
39,221,4.0,
39,108,3.0,
39,196,3.0,
39,333,3.0,
39,209,3.5,
39,358,4.5,
39,180,4.5,
39,121,1.5,
39,11,3.0,
39,212,2.0,
39,45,4.0,
40,170,3.5,
40,145,3.5,
40,14,4.0,
40,224,3.5,
40,49,4.5,
40,301,3.5,
40,268,3.5,
40,297,5.0,
40,377,4.5,
40,229,3.0,
40,171,4.5,
40,240,4.0,
40,47,3.0,
40,54,3.5,
40,5,3.0,
40,112,2.0,
40,237,3.5,
40,189,3.5,
40,260,3.0,
40,57,3.5,
40,281,2.0,
40,358,3.5,
40,127,3.5,
40,13,4.0,
40,94,2.5,
40,113,5.0,
40,311,5.0,
40,9,3.0,
40,129,5.0,
40,213,4.5,
40,90,3.5,
40,373,3.0,
40,383,3.0,
40,109,5.0,
40,291,5.0,
40,33,3.5,
40,324,3.5,
40,93,4.5,
40,43,4.5,
40,8,3.0,
40,287,4.0,
40,53,3.0,
40,166,4.0,
40,154,3.5,
40,223,4.5,
40,29,3.5,
40,195,4.0,
40,252,2.0,
40,387,4.0,
40,220,3.0,
40,183,2.5,
40,304,4.5,
40,255,3.5,
40,61,2.0,
40,31,3.0,
40,130,3.5,
40,328,3.5,
40,3,3.5,
40,385,1.0,
40,125,3.0,
40,23,4.5,
40,116,5.0,
40,11,3.0,
40,203,5.0,
40,180,2.5,
40,222,3.0,
40,34,4.5,
40,88,4.5,
40,209,3.5,
40,181,3.0,
40,227,3.0,
40,188,3.0,
40,323,3.0,
41,357,3.5,
41,134,3.0,
41,73,2.5,
41,262,2.0,
41,173,3.5,
41,384,2.0,
41,220,4.5,
41,56,2.5,
41,292,3.0,
41,209,2.5,
41,164,3.5,
41,210,3.5,
41,117,3.5,
41,36,2.0,
41,229,2.5,
41,304,4.0,
41,181,4.0,
41,321,1.5,
41,84,3.5,
41,315,2.5,
41,285,3.0,
41,155,3.0,
41,174,4.5,
41,293,2.5,
41,85,2.0,
41,45,3.5,
41,370,3.0,
41,137,4.0,
41,195,3.0,
41,127,4.0,
41,130,3.5,
41,54,3.5,
41,330,4.5,
41,207,3.0,
41,119,4.0,
41,274,3.0,
41,246,3.5,
41,348,2.0,
41,247,3.0,
41,231,2.5,
41,329,4.0,
41,270,4.5,
41,202,3.0,
41,93,2.5,
41,92,2.0,
41,327,3.5,
41,21,3.0,
41,24,3.0,
41,354,4.5,
41,260,3.0,
41,175,3.5,
41,277,3.5,
41,184,2.0,
41,152,2.0,
41,63,3.5,
41,344,4.5,
41,26,3.5,
41,206,4.0,
41,335,2.5,
41,99,4.0,
41,281,4.0,
41,361,2.5,
41,22,3.5,
41,131,2.0,
41,35,4.0,
41,172,3.0,
42,44,3.5,
42,225,3.0,
42,232,3.5,
42,279,2.0,
42,106,3.5,
42,261,3.0,
42,386,2.0,
42,193,3.5,
42,220,3.0,
42,102,2.0,
42,26,2.5,
42,178,4.5,
42,260,2.5,
42,174,3.5,
42,14,2.0,
42,269,5.0,
42,316,3.0,
42,244,2.5,
42,364,4.0,
42,186,5.0,
42,353,3.0,
42,117,2.5,
42,302,5.0,
42,301,3.0,
42,284,3.0,
42,129,1.5,
42,365,3.0,
42,51,2.0,
43,167,4.0,
43,185,5.0,
43,29,3.5,
43,378,2.5,
43,221,3.0,
43,159,3.5,
43,335,3.0,
43,123,4.0,
43,263,3.5,
43,25,4.0,
43,344,3.0,
43,355,4.5,
43,35,3.0,
43,81,2.5,
43,273,5.0,
43,300,2.0,
43,154,2.5,
43,50,2.5,
43,75,5.0,
43,214,4.5,
43,219,4.5,
43,148,3.0,
43,333,5.0,
43,340,3.5,
43,381,4.0,
43,233,3.5,
43,289,3.0,
43,79,3.0,
43,113,3.0,
43,248,3.5,
43,374,3.5,
43,56,3.0,
43,115,4.5,
43,222,1.0,
43,250,3.5,
43,94,4.0,
43,124,4.0,
43,49,3.0,
43,54,3.5,
43,174,4.0,
43,102,4.5,
43,3,3.0,
43,169,3.5,
43,53,4.5,
43,293,1.5,
43,203,2.5,
43,172,4.5,
43,362,4.0,
43,251,3.5,
43,377,3.0,
43,91,2.5,
43,264,3.0,
43,108,4.5,
43,379,2.5,
43,122,3.5,
43,126,2.5,
43,120,4.0,
43,62,3.0,
43,69,3.0,
43,42,2.0,
43,223,2.0,
43,321,3.5,
43,26,2.0,
43,201,5.0,
43,130,1.5,
43,311,2.5,
43,36,3.5,
43,202,3.0,
44,44,4.0,
44,162,2.5,
44,170,4.0,
44,116,3.0,
44,117,2.5,
44,90,5.0,
44,113,4.0,
44,12,3.0,
44,47,2.5,
44,147,3.5,
44,174,3.5,
44,132,4.5,
44,284,3.0,
44,189,3.5,
44,80,3.0,
44,218,3.5,
44,59,2.0,
44,272,3.0,
44,243,4.5,
44,26,3.0,
44,269,4.5,
44,79,4.5,
44,348,4.5,
44,173,4.0,
44,165,3.5,
44,183,4.0,
44,125,5.0,
44,37,5.0,
44,256,2.5,
44,106,3.0,
44,175,3.0,
44,30,4.5,
44,304,3.5,
44,89,3.5,
44,57,5.0,
44,293,4.5,
44,276,5.0,
44,36,3.0,
44,39,1.5,
44,14,3.5,
44,226,2.5,
44,271,2.5,
44,248,4.5,
44,130,3.0,
44,266,3.0,
44,233,3.5,
44,326,5.0,
44,344,3.5,
44,331,4.5,
44,103,3.5,
44,109,2.5,
44,128,3.0,
44,204,4.0,
44,45,4.0,
44,138,4.0,
44,88,4.0,
44,379,4.5,
44,332,3.0,
44,77,5.0,
44,383,5.0,
44,96,3.5,
44,135,3.0,
44,217,2.5,
44,38,4.0,
44,70,4.0,
44,58,3.5,
44,194,4.0,
44,286,2.5,
44,264,4.5,
44,374,3.5,
44,148,4.0,
44,101,4.0,
44,364,2.0,
44,317,4.5,
45,271,4.0,
45,356,2.0,
45,64,2.0,
45,60,3.0,
45,213,1.5,
45,234,4.0,
45,375,4.0,
45,170,2.5,
45,229,3.0,
45,101,3.0,
45,95,3.0,
45,61,3.0,
45,45,3.5,
45,19,3.0,
45,22,4.0,
45,242,3.5,
45,85,2.5,
45,82,4.0,
45,199,2.0,
45,205,3.0,
45,354,4.0,
45,355,2.5,
45,247,3.5,
45,269,3.5,
45,109,2.5,
45,371,3.0,
45,306,3.0,
45,37,2.5,
45,35,5.0,
45,280,2.5,
45,80,4.0,
45,256,3.0,
45,377,2.0,
45,118,3.0,
45,274,3.5,
45,222,4.0,
45,23,4.5,
45,112,5.0,
45,380,3.5,
45,148,2.5,
45,86,3.5,
45,290,3.0,
45,367,4.0,
45,324,2.0,
45,185,5.0,
45,238,4.0,
45,303,1.5,
45,307,2.5,
45,268,3.5,
45,99,4.0,
45,339,2.0,
45,17,3.5,
45,254,1.5,
45,248,3.0,
45,32,4.0,
45,115,2.5,
45,128,2.0,
45,294,3.0,
45,230,2.5,
45,114,3.5,
45,160,2.5,
45,260,2.5,
45,54,1.5,
45,384,3.0,
45,41,3.0,
45,304,2.0,
45,116,3.0,
45,126,4.0,
45,52,3.0,
45,298,3.5,
45,56,3.5,
45,51,2.0,
45,318,4.5,
45,127,2.5,
45,319,3.5,
45,72,3.5,
45,184,3.0,
45,330,3.5,
46,231,3.0,
46,131,4.0,
46,263,4.5,
46,205,3.0,
46,174,3.5,
46,361,3.5,
46,287,2.5,
46,387,3.0,
46,273,3.0,
46,341,4.0,
46,77,4.5,
46,372,2.5,
46,212,4.5,
46,60,2.0,
46,88,3.5,
46,154,3.5,
46,139,2.0,
46,183,2.5,
46,389,2.5,
46,143,2.5,
46,206,1.0,
46,363,3.0,
46,69,3.0,
46,109,3.0,
46,32,4.0,
46,267,1.5,
46,366,3.0,
46,313,5.0,
46,72,4.0,
46,265,4.0,
46,172,2.5,
46,330,3.0,
46,170,1.5,
46,255,4.0,
46,65,4.5,
46,82,2.0,
46,253,2.5,
46,333,3.5,
46,156,3.5,
46,40,3.0,
46,254,2.5,
46,325,2.5,
46,117,3.5,
46,303,4.0,
46,121,3.5,
46,232,3.0,
46,245,2.0,
46,272,4.0,
46,326,3.5,
46,106,3.0,
46,118,3.5,
46,36,2.5,
46,381,3.0,
46,351,3.5,
46,324,3.0,
46,290,2.0,
46,38,2.0,
46,370,3.5,
46,329,3.5,
46,309,3.0,
46,124,2.5,
46,236,3.5,
46,356,3.0,
46,42,3.0,
46,189,3.0,
46,137,3.5,
46,346,4.5,
46,78,4.0,
47,100,3.5,
47,292,4.5,
47,78,4.0,
47,28,2.0,
47,106,3.0,
47,263,4.5,
47,126,4.0,
47,39,5.0,
47,344,5.0,
47,181,3.5,
47,222,5.0,
47,24,4.0,
47,274,3.0,
47,335,3.5,
47,354,2.0,
47,190,5.0,
47,40,5.0,
47,149,3.0,
47,216,3.5,
47,49,4.0,
47,234,3.0,
47,345,2.5,
47,305,3.5,
47,195,3.5,
47,324,3.5,
47,170,4.0,
47,174,5.0,
47,326,3.5,
47,158,4.0,
47,63,4.5,
47,308,4.0,
47,45,3.5,
47,35,4.0,
47,268,4.0,
47,71,3.0,
47,184,5.0,
47,373,5.0,
47,377,3.0,
47,161,4.0,
47,242,4.5,
47,275,3.5,
47,199,4.0,
48,318,3.0,
48,253,3.5,
48,122,4.0,
48,63,4.0,
48,334,4.0,
48,54,3.5,
48,369,3.5,
48,2,3.5,
48,146,4.5,
48,295,3.0,
48,270,4.0,
48,87,3.0,
48,360,4.5,
48,373,3.5,
48,81,3.0,
48,372,4.0,
48,271,2.0,
48,268,3.0,
48,96,4.0,
49,377,4.5,
49,26,3.5,
49,340,3.0,
49,371,3.0,
49,339,3.0,
49,108,4.5,
49,306,3.5,
49,358,4.0,
49,325,5.0,
49,20,1.5,
49,129,4.5,
49,22,3.5,
49,69,4.0,
49,265,3.0,
49,11,3.0,
49,120,4.0,
49,170,5.0,
49,112,4.5,
49,383,4.5,
49,218,3.5,
49,168,3.0,
49,132,3.0,
49,6,3.0,
49,186,2.0,
49,193,3.0,
49,257,3.0,
49,368,3.5,
49,134,3.5,
49,7,4.0,
49,328,3.5,
49,33,3.0,
49,295,2.0,
49,239,3.0,
49,123,3.0,
49,385,4.0,
49,308,4.5,
49,220,4.5,
49,205,4.0,
49,349,3.5,
49,72,3.0,
49,344,3.0,
49,119,2.5,
49,353,4.5,
49,177,3.5,
49,230,2.5,
49,286,3.0,
49,253,3.0,
49,68,3.5,
49,249,4.5,
49,90,3.5,
49,217,2.0,
49,73,3.5,
49,329,3.5,
49,53,3.5,
49,203,3.0,
49,321,4.0,
49,128,3.5,
49,181,3.5,
49,37,4.0,
49,345,3.5,
49,114,3.0,
49,176,4.5,
49,361,4.0,
49,251,4.5,
49,67,4.5,
49,62,4.0,
49,330,4.5,
50,360,3.0,
50,216,3.0,
50,350,3.0,
50,9,2.5,
50,230,3.0,
50,322,4.0,
50,65,3.5,
50,85,5.0,
50,342,3.5,
50,191,4.0,
50,300,3.0,
50,347,3.5,
50,229,3.5,
50,331,2.0,
50,104,3.0,
50,280,4.0,
50,213,4.0,
50,298,2.5,
50,33,3.0,
50,208,1.5,
50,164,3.5,
50,172,4.5,
50,173,4.5,
50,319,4.5,
50,310,4.0,
50,233,4.5,
50,340,3.5,
50,64,3.0,
50,81,4.5,
50,348,4.0,
50,209,2.0,
50,41,4.5,
50,100,3.5,
50,215,3.0,
50,275,4.5,
50,132,4.0,
50,258,3.0,
50,86,3.5,
51,91,3.0,
51,37,4.0,
51,168,5.0,
51,259,4.0,
51,373,4.0,
51,344,4.0,
51,141,2.0,
51,197,4.0,
51,122,4.0,
51,154,3.5,
51,236,3.0,
51,191,3.5,
51,105,4.5,
51,218,5.0,
51,162,5.0,
51,142,3.0,
51,28,4.5,
51,64,3.5,
51,292,3.5,
51,186,3.5,
51,118,4.5,
51,234,5.0,
51,313,4.0,
51,112,4.0,
51,68,4.5,
51,358,4.5,
51,21,5.0,
51,297,3.0,
51,351,4.0,
51,312,3.0,
51,285,4.0,
51,31,4.0,
51,273,4.0,
51,370,3.5,
51,337,3.0,
51,286,2.5,
51,157,4.0,
51,381,3.5,
51,295,3.5,
51,231,5.0,
51,201,3.5,
51,77,5.0,
51,161,5.0,
51,43,2.5,
52,15,5.0,
52,28,5.0,
52,228,4.5,
52,65,4.0,
52,118,3.5,
52,290,3.5,
52,280,4.5,
52,247,3.5,
52,314,3.0,
52,382,3.5,
52,110,3.5,
52,288,5.0,
52,96,4.5,
52,283,4.0,
52,345,4.0,
52,380,4.5,
52,269,3.0,
52,349,3.0,
52,42,4.5,
52,152,3.0,
52,257,4.0,
52,17,3.5,
52,306,4.0,
52,193,3.5,
52,356,4.5,
52,8,2.0,
52,389,5.0,
52,139,4.5,
52,114,4.5,
52,20,4.5,
52,85,4.0,
52,354,3.5,
52,325,4.0,
52,213,4.0,
52,252,4.5,
52,244,4.5,
52,184,4.0,
52,79,4.0,
52,322,4.5,
52,242,5.0,
52,185,5.0,
52,200,4.5,
52,21,4.5,
52,323,3.5,
52,90,3.5,
52,101,3.5,
52,98,1.5,
52,272,3.0,
52,282,4.0,
52,332,3.5,
52,188,4.5,
52,284,3.5,
52,115,3.5,
52,74,2.0,
52,23,4.5,
52,159,3.0,
53,295,3.0,
53,245,4.0,
53,14,3.5,
53,210,3.5,
53,130,3.5,
53,119,3.5,
53,24,4.5,
53,118,3.5,
53,342,3.0,
53,42,3.5,
53,327,2.0,
53,298,3.0,
53,293,4.5,
53,256,3.5,
53,114,3.5,
53,236,4.0,
53,44,4.5,
53,275,4.5,
53,46,3.5,
53,138,3.5,
53,90,3.5,
53,5,4.5,
53,183,3.5,
53,61,5.0,
53,129,3.5,
53,26,5.0,
53,277,3.0,
53,137,2.5,
53,96,3.5,
53,43,4.5,
53,282,3.5,
53,314,3.0,
53,17,4.5,
53,377,4.0,
53,331,3.0,
53,123,3.0,
53,264,4.5,
53,343,2.5,
53,290,4.5,
53,294,4.0,
53,151,2.0,
53,159,3.5,
53,2,2.0,
53,348,2.5,
53,382,3.5,
53,107,2.5,
53,9,5.0,
53,131,4.5,
53,34,5.0,
54,27,3.0,
54,177,2.0,
54,74,3.0,
54,51,4.0,
54,345,2.5,
54,280,3.5,
54,321,4.5,
54,338,3.5,
54,188,5.0,
54,1,4.5,
54,365,3.0,
54,215,2.5,
54,228,3.0,
54,159,3.5,
54,30,3.5,
54,80,4.0,
54,319,2.5,
54,292,2.5,
54,254,4.0,
54,329,5.0,
54,307,2.5,
54,290,3.5,
54,56,3.0,
55,355,2.5,
55,121,3.0,
55,59,3.0,
55,12,4.0,
55,338,3.5,
55,112,4.0,
55,320,2.5,
55,334,4.0,
55,150,2.5,
55,376,2.0,
55,298,3.0,
55,211,3.0,
55,183,2.0,
55,109,4.0,
55,222,2.5,
55,313,2.5,
55,208,3.0,
55,104,4.0,
55,233,2.0,
55,216,4.0,
55,230,1.5,
55,354,3.5,
55,172,2.0,
55,99,2.5,
55,249,4.5,
55,171,2.5,
55,69,3.0,
55,14,2.5,
55,113,3.5,
55,290,3.5,
55,284,3.5,
55,149,4.0,
55,358,3.0,
55,245,4.0,
55,6,4.5,
55,15,3.5,
55,164,2.0,
55,210,2.0,
55,118,3.5,
55,324,2.0,
55,277,2.0,
55,306,4.0,
55,3,3.0,
55,266,5.0,
55,278,2.5,
55,340,2.5,
55,174,3.5,
55,326,3.5,
55,315,3.0,
55,352,3.0,
55,92,5.0,
55,80,4.5,
55,258,4.0,
55,156,2.0,
55,55,3.0,
55,337,3.5,
55,89,3.5,
55,23,4.0,
55,349,2.5,
55,235,3.0,
55,372,2.5,
55,147,4.0,
55,122,3.5,
55,153,2.5,
55,166,3.5,
56,12,3.5,
56,328,3.0,
56,129,4.5,
56,32,5.0,
56,40,3.5,
56,104,3.0,
56,168,3.5,
56,85,5.0,
56,106,2.5,
56,1,4.0,
56,389,4.0,
56,251,3.0,
56,361,3.5,
56,87,2.0,
56,368,4.0,
56,26,4.0,
56,329,2.5,
56,340,4.0,
56,289,3.0,
56,383,3.0,
56,261,3.0,
56,55,4.0,
56,207,2.5,
56,247,2.5,
56,190,3.0,
56,100,3.0,
56,377,4.0,
56,380,3.5,
56,173,3.5,
56,42,2.5,
56,252,3.5,
56,172,2.0,
56,280,4.0,
56,274,4.0,
56,233,3.0,
56,38,4.0,
56,374,3.5,
56,375,4.5,
56,179,4.0,
56,120,3.0,
56,130,4.5,
56,151,4.5,
56,227,3.5,
56,193,4.0,
56,204,4.0,
56,189,3.5,
56,113,3.5,
56,158,4.0,
56,17,3.0,
56,137,5.0,
56,21,2.0,
56,335,4.0,
56,97,2.5,
56,307,3.5,
56,256,2.5,
56,109,2.5,
56,286,3.5,
56,64,3.5,
56,278,4.5,
57,188,3.0,
57,192,2.5,
57,366,2.5,
57,212,3.5,
57,178,4.0,
57,202,4.0,
57,94,3.5,
57,280,2.0,
57,235,3.0,
57,286,4.5,
57,380,4.0,
57,153,2.0,
57,213,3.0,
57,198,3.5,
57,103,2.5,
57,89,1.0,
57,81,3.0,
57,100,2.5,
57,275,2.5,
57,262,3.0,
57,356,3.0,
57,247,3.0,
57,86,2.5,
57,367,3.0,
57,279,1.5,
57,64,3.5,
57,42,1.0,
57,92,3.0,
57,343,4.0,
57,174,2.0,
57,209,3.5,
57,171,4.0,
57,73,0.5,
57,74,3.0,
57,144,1.0,
57,354,3.0,
57,121,3.0,
57,152,1.0,
57,326,4.5,
57,225,3.5,
57,147,2.5,
57,303,4.0,
57,310,1.5,
57,185,2.0,
57,348,1.0,
57,271,4.5,
57,104,3.5,
57,106,3.5,
58,232,3.5,
58,108,4.5,
58,191,4.0,
58,301,3.0,
58,258,4.5,
58,30,3.0,
58,54,2.5,
58,185,4.0,
58,306,3.0,
58,225,4.0,
58,161,4.5,
58,329,4.5,
58,200,4.5,
58,214,3.0,
58,177,3.5,
58,160,4.0,
58,235,4.0,
58,82,3.0,
58,84,3.5,
58,272,4.5,
58,78,4.5,
58,105,3.5,
58,357,5.0,
58,195,3.0,
58,249,4.5,
58,265,4.5,
58,275,4.5,
58,148,4.0,
58,168,3.5,
58,383,4.5,
58,40,3.5,
58,327,4.0,
58,213,3.5,
58,355,3.5,
58,230,4.0,
58,110,4.5,
58,162,4.5,
58,146,5.0,
58,98,4.0,
59,78,2.5,
59,307,3.5,
59,225,3.0,
59,154,3.0,
59,50,3.5,
59,167,2.5,
59,323,2.0,
59,230,3.0,
59,380,2.5,
59,381,2.0,
59,132,4.0,
59,75,5.0,
59,177,2.0,
59,5,3.0,
59,4,3.5,
59,231,2.0,
59,311,3.0,
59,352,3.0,
59,257,3.5,
59,185,2.5,
59,68,2.5,
59,112,4.0,
59,8,3.5,
59,325,4.0,
59,40,2.0,
59,165,2.5,
59,284,4.5,
59,245,3.0,
59,270,3.0,
59,334,3.0,
59,142,4.5,
59,46,2.5,
59,229,3.5,
59,122,3.5,
59,174,2.0,
59,250,3.0,
59,195,2.5,
59,105,2.0,
59,278,4.0,
59,48,2.0,
59,191,4.0,
59,240,2.5,
59,55,4.5,
59,61,3.0,
59,97,3.5,
59,203,2.5,
60,186,2.0,
60,277,4.0,
60,125,3.0,
60,347,3.5,
60,3,3.0,
60,251,3.5,
60,274,3.5,
60,24,2.5,
60,133,4.5,
60,163,4.5,
60,253,4.0,
60,136,3.0,
60,214,3.0,
60,157,5.0,
60,16,1.5,
60,271,3.0,
60,196,5.0,
60,91,5.0,
60,340,5.0,
60,261,4.0,
60,228,3.5,
60,43,2.5,
60,202,4.0,
60,368,3.0,
60,191,5.0,
60,184,2.5,
60,304,4.0,
60,152,4.5,
60,166,4.5,
60,338,4.5,
60,231,4.0,
60,343,4.0,
61,233,4.5,
61,283,4.5,
61,291,4.5,
61,286,5.0,
61,158,3.5,
61,198,3.0,
61,378,4.0,
61,31,3.0,
61,104,5.0,
61,75,5.0,
61,288,5.0,
61,59,4.0,
61,289,4.5,
61,310,3.5,
61,388,4.5,
61,223,3.0,
61,269,2.0,
61,64,3.5,
61,192,3.0,
61,153,5.0,
61,201,5.0,
61,15,3.0,
61,261,5.0,
61,92,5.0,
61,380,2.5,
61,11,3.5,
61,182,3.5,
61,384,4.5,
61,204,3.0,
61,243,4.0,
61,355,3.5,
61,25,4.5,
61,123,4.0,
61,152,3.5,
61,232,4.0,
61,155,5.0,
61,237,3.5,
61,387,3.0,
61,148,4.5,
61,270,4.0,
61,118,3.0,
61,328,5.0,
61,183,3.5,
61,149,3.5,
61,330,4.0,
61,379,5.0,
61,242,2.5,
61,297,4.0,
61,13,5.0,
61,362,4.0,
61,358,3.0,
61,172,3.5,
61,318,4.0,
61,19,5.0,
61,176,3.5,
61,345,4.5,
61,278,3.0,
61,215,3.0,
61,295,3.5,
61,225,5.0,
62,62,4.0,
62,119,3.5,
62,279,4.0,
62,151,3.5,
62,65,4.5,
62,56,4.5,
62,131,4.5,
62,166,4.0,
62,67,3.0,
62,281,3.0,
62,280,4.0,
62,221,5.0,
62,89,3.5,
62,253,4.0,
62,262,3.5,
62,27,3.0,
62,370,3.0,
62,79,2.0,
62,47,5.0,
62,4,2.0,
62,307,3.5,
62,314,3.0,
62,287,3.0,
62,63,5.0,
62,17,4.0,
62,175,3.0,
62,88,3.5,
62,54,3.0,
62,318,3.5,
62,184,4.0,
62,214,5.0,
62,140,2.0,
62,50,3.5,
62,189,3.5,
62,377,4.5,
62,365,4.0,
62,148,4.0,
62,222,4.0,
62,92,3.0,
62,58,4.5,
62,38,4.5,
62,250,4.5,
63,336,5.0,
63,378,3.5,
63,213,4.0,
63,317,5.0,
63,160,4.5,
63,245,3.5,
63,268,2.5,
63,199,4.0,
63,93,4.0,
63,232,5.0,
63,129,2.5,
63,308,3.5,
63,361,3.5,
63,147,4.0,
63,233,4.0,
63,179,4.0,
64,367,2.0,
64,283,2.0,
64,327,2.5,
64,45,3.0,
64,278,4.0,
64,293,3.5,
64,124,4.5,
64,236,3.0,
64,244,3.5,
64,10,5.0,
64,40,3.5,
64,46,4.0,
64,383,3.0,
64,95,3.5,
64,77,4.0,
64,292,4.0,
64,8,4.0,
64,264,3.5,
64,389,4.0,
64,195,3.0,
64,313,3.5,
64,2,4.0,
64,91,4.5,
64,147,3.0,
65,168,4.0,
65,95,3.5,
65,4,3.5,
65,115,3.5,
65,176,4.0,
65,173,2.0,
65,60,2.0,
65,315,4.5,
65,2,4.0,
65,255,3.0,
65,7,3.0,
65,354,3.5,
65,317,3.5,
65,81,5.0,
65,210,3.0,
65,345,4.5,
65,40,4.5,
65,278,4.0,
65,62,4.5,
65,303,4.5,
65,23,3.0,
65,74,3.5,
65,218,4.5,
65,252,3.5,
65,240,4.5,
65,365,5.0,
65,184,4.0,
65,31,3.5,
65,335,3.5,
65,34,3.5,
65,243,3.5,
65,146,4.5,
65,297,3.5,
65,171,4.0,
65,295,4.5,
65,55,3.5,
65,327,3.5,
65,207,4.5,
65,114,5.0,
65,259,4.0,
65,369,5.0,
65,90,4.0,
65,325,4.5,
65,211,5.0,
65,140,3.5,
65,277,3.5,
65,132,4.5,
65,267,4.0,
65,197,3.0,
65,123,3.5,
65,54,3.0,
65,279,4.0,
65,113,4.0,
65,382,5.0,
65,287,5.0,
65,202,3.5,
65,271,5.0,
65,105,3.0,
65,222,3.0,
65,149,3.0,
65,361,3.0,
65,319,4.5,
65,288,5.0,
65,112,5.0,
65,281,2.5,
65,71,4.5,
65,307,5.0,
65,339,5.0,
65,289,3.5,
65,190,4.0,
65,353,3.0,
65,179,4.5,
65,150,3.0,
65,72,4.5,
65,91,3.5,
66,159,3.5,
66,202,5.0,
66,175,3.5,
66,342,3.5,
66,297,3.0,
66,97,3.5,
66,363,4.0,
66,321,3.5,
66,190,4.0,
66,347,3.0,
66,366,3.5,
66,355,5.0,
66,388,3.5,
66,151,4.0,
66,171,3.0,
66,52,4.0,
66,333,3.5,
66,76,4.5,
66,109,4.5,
66,185,4.5,
66,89,4.0,
66,104,5.0,
66,281,4.5,
66,29,2.5,
66,68,5.0,
66,194,4.0,
66,78,4.5,
66,203,3.0,
66,95,3.5,
66,17,4.5,
66,375,4.0,
66,160,3.5,
66,28,2.0,
66,184,3.0,
66,283,3.0,
66,362,2.5,
66,22,3.0,
66,110,5.0,
66,122,4.5,
66,247,3.0,
66,59,3.5,
66,382,3.5,
66,12,4.5,
66,144,4.0,
66,298,3.0,
66,15,3.5,
66,374,4.5,
66,55,5.0,
66,6,3.0,
66,193,3.5,
66,201,4.0,
66,9,3.5,
66,100,4.5,
66,292,3.5,
66,364,5.0,
66,41,5.0,
66,47,3.0,
66,27,4.0,
66,223,3.0,
66,243,3.5,
66,305,4.5,
66,356,4.0,
66,154,5.0,
66,370,3.0,
66,63,4.0,
66,178,3.5,
66,10,3.5,
66,208,4.0,
66,43,3.5,
66,181,4.5,
66,326,5.0,
66,381,2.0,
67,147,3.0,
67,248,3.5,
67,297,4.5,
67,238,5.0,
67,338,3.0,
67,75,4.5,
67,348,3.5,
67,331,5.0,
67,36,5.0,
67,389,5.0,
67,103,3.0,
67,138,3.0,
67,233,5.0,
67,319,3.5,
67,67,3.0,
67,22,2.5,
67,232,4.0,
67,91,3.5,
67,320,4.0,
67,144,4.0,
67,50,3.0,
67,136,3.0,
67,234,4.5,
67,202,4.5,
67,187,3.5,
67,135,4.0,
67,68,3.0,
67,25,3.5,
67,349,4.5,
67,359,5.0,
67,369,3.5,
67,55,3.5,
67,73,2.5,
67,301,3.5,
67,309,3.5,
67,272,3.5,
67,295,3.5,
67,305,4.5,
67,3,4.0,
67,167,3.5,
67,169,4.5,
67,157,3.5,
67,226,5.0,
67,183,3.0,
67,380,4.0,
67,312,2.0,
67,200,3.5,
67,373,4.0,
67,86,3.5,
67,261,3.0,
67,33,3.0,
67,84,3.0,
67,275,3.5,
67,112,4.5,
67,334,3.5,
67,266,5.0,
67,114,4.0,
67,322,2.0,
67,289,4.0,
67,94,3.5,
67,286,5.0,
67,268,3.5,
67,64,3.5,
67,133,5.0,
67,291,2.0,
67,161,3.5,
67,310,4.0,
67,83,3.5,
67,288,2.0,
68,250,3.5,
68,31,2.0,
68,185,2.0,
68,340,5.0,
68,196,4.5,
68,145,4.0,
68,261,3.5,
68,302,3.5,
68,270,3.5,
68,96,4.5,
68,198,2.5,
68,45,2.5,
68,190,3.0,
68,130,3.5,
68,207,3.0,
68,101,2.5,
68,291,4.0,
68,239,2.5,
68,86,4.0,
68,115,4.0,
68,87,4.5,
68,177,5.0,
68,99,3.5,
68,73,4.5,
68,61,3.5,
68,252,3.5,
68,22,3.0,
68,236,2.5,
68,112,3.5,
68,264,4.0,
68,357,2.0,
68,79,5.0,
68,348,4.5,
68,47,2.5,
68,224,3.5,
68,356,3.0,
68,344,3.5,
68,132,3.0,
68,367,3.5,
68,387,2.0,
68,121,5.0,
68,109,2.5,
68,256,3.5,
68,15,2.5,
68,118,3.0,
68,213,3.5,
68,206,3.0,
68,84,3.0,
68,178,3.0,
68,30,2.5,
69,353,4.5,
69,376,3.5,
69,1,4.5,
69,34,3.0,
69,295,3.0,
69,152,4.5,
69,311,4.0,
69,350,4.5,
69,263,2.5,
69,383,4.0,
69,266,3.0,
69,341,4.5,
69,24,5.0,
69,195,4.5,
69,321,3.5,
69,85,3.5,
69,73,3.5,
69,191,3.0,
69,357,4.0,
69,136,3.5,
69,89,3.0,
69,135,4.0,
69,194,4.5,
69,134,5.0,
69,95,3.5,
69,366,2.5,
69,64,4.5,
69,74,4.5,
69,288,5.0,
69,252,5.0,
69,104,5.0,
69,193,3.0,
69,111,5.0,
69,170,3.5,
69,282,4.5,
69,20,4.0,
69,257,3.0,
69,359,5.0,
69,233,3.5,
69,312,5.0,
69,365,3.5,
69,297,3.0,
69,133,3.5,
69,237,5.0,
69,6,2.5,
69,15,4.5,
69,284,5.0,
70,88,5.0,
70,275,2.5,
70,357,3.5,
70,242,2.5,
70,345,3.0,
70,231,2.5,
70,18,4.0,
70,250,3.5,
70,318,2.5,
70,204,4.0,
70,313,3.5,
70,136,4.0,
70,30,2.0,
70,62,3.5,
70,299,4.0,
70,96,3.0,
70,272,2.0,
70,39,3.0,
70,123,4.0,
70,325,4.0,
70,255,3.0,
70,180,2.0,
70,208,3.0,
70,112,3.0,
70,369,3.5,
70,61,3.0,
70,17,2.5,
70,235,4.0,
70,292,3.5,
70,7,3.5,
70,75,2.0,
70,223,1.0,
70,297,2.0,
70,98,3.0,
70,79,3.5,
70,375,1.5,
70,227,4.5,
70,243,3.5,
70,44,4.0,
70,261,2.5,
70,340,3.5,
70,364,3.0,
70,381,4.0,
70,178,3.0,
70,285,3.5,
70,352,4.0,
70,176,2.5,
70,273,3.5,
70,145,1.5,
70,254,3.5,
70,294,4.5,
70,13,2.0,
70,157,3.0,
70,107,4.0,
70,182,3.0,
70,101,3.5,
70,219,3.0,
70,323,3.0,
70,218,3.0,
70,66,3.0,
70,360,2.0,
71,300,3.5,
71,80,4.5,
71,173,3.5,
71,199,4.5,
71,291,2.5,
71,345,3.0,
71,57,4.0,
71,346,3.5,
71,344,3.5,
71,255,2.5,
71,286,2.0,
71,113,4.0,
71,52,3.5,
71,71,4.0,
71,35,3.0,
71,147,3.0,
71,61,3.5,
71,65,4.0,
71,171,3.5,
71,101,4.0,
71,5,2.5,
71,197,3.5,
71,259,3.5,
71,384,4.5,
71,164,3.5,
72,92,3.0,
72,328,4.0,
72,18,2.5,
72,238,3.5,
72,36,2.0,
72,145,3.5,
72,188,2.0,
72,67,3.5,
72,157,1.5,
72,310,2.5,
72,137,4.0,
72,323,4.5,
72,307,1.0,
72,76,2.5,
72,340,4.5,
72,65,3.5,
72,68,2.5,
72,97,4.5,
72,216,3.5,
72,303,3.5,
72,164,1.5,
72,130,5.0,
72,41,3.5,
72,54,3.0,
72,162,4.5,
72,28,2.5,
72,103,2.5,
72,45,2.5,
72,64,3.0,
72,316,3.0,
72,347,3.5,
72,300,2.0,
72,213,3.5,
72,125,2.5,
72,34,3.0,
72,281,4.0,
72,363,3.5,
73,347,3.5,
73,343,2.5,
73,254,3.5,
73,322,3.5,
73,91,2.5,
73,57,2.5,
73,216,4.0,
73,153,4.0,
73,266,3.0,
73,81,3.0,
73,374,3.5,
73,214,3.5,
73,200,4.5,
73,351,3.0,
73,154,3.5,
73,100,4.0,
73,271,4.0,
73,104,4.5,
73,306,3.0,
73,151,3.0,
73,34,3.0,
73,3,4.0,
73,225,3.0,
73,277,5.0,
73,16,3.5,
73,106,2.5,
73,10,3.5,
73,9,4.5,
73,350,2.5,
73,6,2.5,
73,110,3.0,
73,207,2.5,
73,365,2.0,
73,230,2.0,
73,17,3.5,
73,235,4.0,
73,22,2.5,
73,88,3.0,
73,284,3.5,
73,20,2.5,
73,377,4.0,
73,287,3.5,
73,175,3.5,
73,70,4.0,
74,220,5.0,
74,280,3.0,
74,143,2.0,
74,57,3.5,
74,305,2.5,
74,95,2.0,
74,67,2.5,
74,2,2.0,
74,185,2.0,
74,377,1.0,
74,349,3.0,
74,264,2.0,
74,308,4.5,
74,87,4.0,
74,231,4.5,
74,327,3.5,
74,321,2.5,
74,110,3.5,
74,331,3.0,
74,300,3.5,
74,236,3.5,
74,3,3.5,
74,78,3.0,
75,322,4.0,
75,265,3.5,
75,250,3.5,
75,195,5.0,
75,212,4.0,
75,179,5.0,
75,239,4.0,
75,23,4.0,
75,202,4.0,
75,130,4.5,
75,377,3.0,
75,327,4.0,
75,273,3.5,
75,1,5.0,
75,305,2.5,
75,9,4.5,
75,340,3.5,
75,113,3.0,
75,357,3.5,
75,370,5.0,
75,208,3.5,
75,160,2.5,
75,217,3.0,
75,330,4.0,
75,268,2.5,
75,229,4.5,
75,56,2.5,
75,205,3.5,
75,110,4.5,
75,138,3.5,
75,180,3.0,
75,177,4.0,
76,310,5.0,
76,297,3.5,
76,171,3.0,
76,34,4.5,
76,152,4.5,
76,243,4.0,
76,59,3.0,
76,41,3.0,
76,159,3.5,
76,249,4.0,
76,207,3.0,
76,306,3.5,
76,149,3.5,
76,115,4.5,
76,270,4.0,
76,66,2.0,
76,51,3.0,
76,215,2.5,
76,110,4.0,
76,167,4.0,
76,50,3.5,
76,338,3.0,
76,329,3.5,
76,308,3.5,
76,122,3.0,
76,73,2.5,
77,366,4.5,
77,302,4.0,
77,209,2.5,
77,300,3.0,
77,42,5.0,
77,204,5.0,
77,3,3.5,
77,378,4.0,
77,239,4.5,
77,33,2.5,
77,386,4.5,
77,257,4.5,
77,120,4.0,
77,31,5.0,
77,208,4.0,
77,26,4.5,
77,36,4.0,
77,135,2.5,
77,214,4.5,
77,49,4.5,
77,28,3.5,
77,333,2.5,
77,118,4.5,
77,299,4.0,
77,210,4.0,
77,305,4.0,
77,354,4.5,
77,358,4.0,
77,89,3.5,
77,303,2.5,
77,340,3.5,
77,355,4.5,
77,289,3.5,
77,270,4.5,
77,92,2.5,
77,170,3.0,
77,79,3.0,
77,142,4.0,
77,38,5.0,
77,119,5.0,
77,255,4.5,
77,310,2.0,
77,287,3.0,
77,334,1.5,
77,84,4.0,
77,242,5.0,
77,367,4.5,
77,77,2.5,
77,229,5.0,
77,376,4.5,
77,30,5.0,
77,347,4.5,
77,343,3.5,
77,99,2.0,
77,311,4.5,
77,221,4.5,
77,6,2.0,
77,201,3.0,
77,275,3.0,
77,66,4.5,
77,25,3.5,
77,173,3.5,
77,379,3.5,
77,10,3.0,
77,167,4.5,
77,50,3.0,
77,75,4.5,
78,257,2.0,
78,317,3.0,
78,27,2.5,
78,260,3.0,
78,308,4.0,
78,213,2.0,
78,386,3.5,
78,335,3.0,
78,247,4.0,
78,248,3.0,
78,379,4.0,
78,224,4.5,
78,323,4.0,
78,162,3.0,
78,262,5.0,
78,56,2.5,
78,91,4.0,
78,155,4.5,
78,268,5.0,
78,376,4.0,
78,186,2.5,
78,111,4.0,
78,222,3.0,
78,11,4.0,
78,280,3.5,
78,288,4.5,
78,15,3.5,
78,378,4.0,
78,145,3.0,
78,193,4.5,
78,294,1.5,
78,274,4.0,
78,284,3.5,
78,100,3.5,
78,19,1.5,
78,113,3.0,
78,333,4.5,
78,259,2.5,
78,307,2.0,
78,125,2.5,
78,306,4.5,
78,204,3.5,
78,114,4.5,
78,189,4.0,
78,103,2.5,
78,1,5.0,
78,214,3.0,
78,177,2.5,
78,120,3.5,
78,217,3.5,
78,45,4.0,
78,29,3.0,
78,384,4.5,
78,185,3.0,
78,349,2.5,
78,243,2.0,
78,231,3.0,
78,143,4.0,
78,310,4.0,
78,176,3.5,
78,219,3.0,
78,102,4.5,
78,180,3.5,
78,175,3.5,
78,63,2.5,
78,124,2.0,
78,253,4.0,
78,123,5.0,
78,107,3.5,
78,312,4.0,
78,234,4.0,
78,286,3.5,
79,205,2.5,
79,97,3.5,
79,201,3.5,
79,41,3.0,
79,254,2.5,
79,314,3.5,
79,225,5.0,
79,50,3.5,
79,68,5.0,
79,277,4.0,
79,159,3.0,
79,86,4.5,
79,239,4.0,
79,224,4.5,
79,289,3.0,
79,120,4.5,
79,104,4.5,
79,258,4.0,
79,47,3.0,
79,389,3.5,
79,285,4.0,
79,74,4.0,
79,269,4.0,
79,177,4.5,
79,181,3.0,
79,59,3.0,
79,342,3.5,
79,150,3.5,
79,227,4.5,
79,244,3.0,
79,263,4.5,
79,274,5.0,
79,194,3.5,
79,135,3.5,
79,119,3.0,
79,22,3.0,
79,140,3.5,
79,164,5.0,
79,329,3.5,
79,208,2.5,
79,63,4.0,
79,356,4.5,
79,90,3.5,
79,372,5.0,
79,5,4.5,
79,163,3.0,
79,353,3.0,
79,235,4.0,
79,247,2.5,
79,69,4.0,
79,66,2.5,
79,231,4.5,
79,387,4.5,
79,125,4.0,
79,319,3.0,
79,315,4.0,
79,138,3.5,
79,151,3.0,
79,101,3.5,
79,133,4.0,
79,242,3.5,
79,307,5.0,
79,276,4.5,
79,273,4.0,
79,252,2.5,
79,2,3.5,
79,9,3.0,
79,354,3.5,
80,84,2.5,
80,230,3.0,
80,318,3.0,
80,339,4.5,
80,361,3.0,
80,183,2.5,
80,372,3.5,
80,110,4.5,
80,32,3.0,
80,126,2.5,
80,139,3.0,
80,250,3.5,
80,239,4.0,
80,376,4.0,
80,268,2.5,
80,260,2.5,
80,277,3.0,
80,218,4.0,
80,336,2.0,
80,297,3.0,
80,314,3.0,
80,364,4.0,
80,380,3.5,
80,198,4.0,
81,236,5.0,
81,60,3.0,
81,280,4.5,
81,356,4.0,
81,120,4.5,
81,92,4.5,
81,187,4.0,
81,16,4.0,
81,357,4.0,
81,286,4.0,
81,53,5.0,
81,67,5.0,
81,68,3.0,
81,241,2.0,
81,97,3.5,
81,303,3.0,
81,323,4.5,
81,158,5.0,
81,369,4.5,
81,360,3.5,
81,146,4.5,
81,10,5.0,
81,274,4.5,
81,258,4.5,
81,238,4.0,
81,335,3.0,
81,84,5.0,
81,109,5.0,
81,289,3.0,
81,358,4.5,
81,55,3.5,
81,141,4.5,
81,51,3.0,
81,306,4.5,
81,49,4.0,
81,292,4.5,
81,302,4.5,
81,291,4.0,
81,284,4.5,
81,48,3.5,
81,159,4.5,
81,281,3.5,
81,192,4.5,
81,145,3.5,
81,380,4.5,
81,73,3.5,
81,382,3.5,
81,319,3.5,
81,121,3.0,
81,103,4.5,
81,115,4.0,
81,273,3.0,
81,19,3.5,
81,167,3.5,
81,124,4.0,
81,242,3.5,
81,184,4.5,
81,227,3.0,
81,38,4.0,
81,175,4.0,
81,42,3.5,
81,215,4.0,
81,337,4.0,
81,313,5.0,
81,367,4.0,
81,219,5.0,
81,87,4.5,
81,34,3.0,
81,116,4.0,
81,342,4.5,
82,164,4.0,
82,99,5.0,
82,110,5.0,
82,24,4.5,
82,380,4.5,
82,323,3.5,
82,347,4.5,
82,193,5.0,
82,183,3.5,
82,291,3.0,
82,321,4.0,
82,126,4.5,
82,109,4.0,
82,217,5.0,
82,381,3.5,
82,356,2.5,
82,31,5.0,
82,220,3.0,
82,32,4.0,
82,284,5.0,
82,134,4.0,
82,88,3.5,
82,318,5.0,
82,115,4.0,
82,275,4.0,
82,153,5.0,
82,204,3.5,
82,170,3.5,
82,187,3.0,
82,22,5.0,
82,236,4.5,
82,376,3.5,
82,96,3.0,
82,279,5.0,
82,286,3.5,
82,178,2.5,
82,341,4.0,
82,123,5.0,
82,252,4.5,
82,186,4.0,
82,84,3.5,
82,105,3.5,
82,45,5.0,
82,369,2.5,
82,322,3.0,
82,253,4.0,
82,366,2.5,
82,13,4.0,
82,373,3.0,
82,133,4.5,
82,213,3.5,
82,371,3.5,
82,228,3.5,
82,256,4.5,
82,386,4.0,
82,333,4.5,
82,34,5.0,
82,241,3.5,
82,319,3.5,
82,93,3.5,
82,261,5.0,
82,51,3.5,
82,277,4.0,
82,324,4.0,
82,80,4.5,
82,225,4.0,
82,33,5.0,
82,294,4.0,
82,237,4.0,
82,372,4.5,
82,331,3.0,
82,135,4.5,
82,367,3.5,
82,194,5.0,
82,268,5.0,
82,87,4.0,
82,23,3.5,
82,35,2.5,
82,142,4.0,
83,256,5.0,
83,302,3.0,
83,315,4.0,
83,101,3.0,
83,366,2.5,
83,163,3.5,
83,81,3.5,
83,379,5.0,
83,219,5.0,
83,279,3.5,
83,8,2.5,
83,168,2.5,
83,225,4.5,
83,82,4.5,
83,230,3.0,
83,141,3.0,
83,254,4.5,
83,223,2.5,
83,142,3.5,
83,328,4.0,
83,35,2.0,
83,46,4.5,
83,199,5.0,
83,196,4.0,
83,262,3.5,
83,234,4.0,
83,93,4.0,
83,317,3.0,
83,185,3.0,
83,265,3.5,
83,9,4.0,
83,162,3.0,
83,291,2.5,
83,7,3.5,
83,109,2.5,
83,271,4.5,
83,25,1.0,
84,228,2.0,
84,192,2.5,
84,184,3.0,
84,213,3.5,
84,290,3.5,
84,295,2.5,
84,106,4.0,
84,75,1.5,
84,154,3.5,
84,116,2.5,
84,197,2.5,
84,251,2.5,
84,252,1.5,
84,304,3.5,
84,283,4.5,
84,259,2.5,
84,268,5.0,
84,27,2.5,
84,160,2.5,
84,226,4.0,
84,101,2.0,
84,164,3.0,
84,34,4.5,
84,128,2.0,
84,258,3.5,
84,236,3.5,
84,235,1.5,
84,95,2.5,
84,307,5.0,
84,85,3.0,
84,384,3.5,
84,312,3.0,
84,364,4.5,
84,45,2.0,
84,161,2.5,
84,296,3.0,
84,342,3.5,
84,84,3.0,
84,350,3.0,
84,170,2.5,
84,158,3.5,
84,372,1.5,
84,57,2.5,
84,90,2.5,
84,163,2.0,
84,24,1.5,
84,356,3.0,
84,245,3.5,
84,227,3.5,
84,67,4.0,
84,352,4.0,
84,14,1.5,
84,35,3.5,
84,16,3.0,
84,339,3.0,
84,185,3.0,
84,120,2.5,
84,223,3.5,
84,254,2.0,
84,36,4.0,
84,43,2.5,
84,172,1.5,
84,11,3.0,
84,68,2.0,
84,388,2.0,
84,385,3.5,
84,114,4.0,
84,3,3.0,
84,55,1.5,
84,367,3.5,
84,206,3.0,
84,62,4.0,
84,40,4.5,
84,348,2.0,
85,349,5.0,
85,380,4.0,
85,265,4.5,
85,319,3.0,
85,343,2.5,
85,39,4.0,
85,345,4.5,
85,368,3.0,
85,312,3.0,
85,101,3.0,
85,347,4.0,
85,136,4.0,
85,291,5.0,
85,225,4.0,
85,67,3.0,
85,151,3.5,
85,254,3.0,
86,146,4.0,
86,300,4.0,
86,217,3.0,
86,94,2.5,
86,348,3.0,
86,315,5.0,
86,296,4.0,
86,383,3.5,
86,373,4.0,
86,274,4.5,
86,55,2.0,
86,335,3.0,
86,23,2.5,
86,116,3.5,
86,356,3.5,
86,316,3.5,
86,171,2.5,
86,375,4.0,
86,239,3.0,
86,268,3.5,
86,33,4.0,
86,341,4.0,
86,233,3.5,
86,152,4.0,
86,287,4.5,
86,164,3.5,
86,384,2.5,
86,231,3.5,
86,282,3.0,
86,388,1.5,
86,57,3.5,
86,266,3.0,
87,204,3.5,
87,318,3.5,
87,250,3.5,
87,36,3.0,
87,200,4.0,
87,12,3.5,
87,151,3.5,
87,184,3.5,
87,15,4.0,
87,195,3.0,
87,122,2.5,
87,307,2.5,
87,127,3.0,
87,203,4.5,
87,321,3.5,
87,348,3.0,
87,157,3.5,
87,50,2.5,
87,378,3.5,
87,90,3.0,
87,226,2.5,
87,116,4.5,
87,99,3.0,
87,245,3.5,
87,382,4.0,
87,58,3.5,
87,23,3.5,
87,301,3.5,
87,181,4.0,
87,319,3.5,
87,125,3.5,
87,101,4.5,
87,176,4.5,
87,306,3.5,
87,140,3.5,
87,271,4.0,
87,340,3.5,
87,161,3.5,
87,48,3.5,
87,375,2.5,
87,259,5.0,
87,362,3.0,
87,227,4.0,
87,124,3.5,
87,2,4.0,
87,185,3.0,
87,332,3.5,
87,187,3.0,
87,258,4.5,
87,260,4.0,
87,192,2.5,
87,377,3.5,
88,31,2.5,
88,383,2.5,
88,86,4.0,
88,357,4.5,
88,126,2.5,
88,15,2.5,
88,339,4.0,
88,313,3.5,
88,213,3.5,
88,315,4.0,
88,283,3.0,
88,125,3.5,
88,137,3.5,
88,276,2.5,
88,228,3.5,
88,312,4.0,
88,378,3.0,
88,229,3.0,
88,3,3.5,
88,285,3.0,
88,337,3.5,
88,375,2.5,
88,372,4.0,
88,324,3.5,
88,218,2.5,
88,92,4.5,
88,224,3.0,
88,84,2.5,
88,290,4.0,
88,284,3.5,
88,13,1.5,
88,192,2.5,
88,154,3.5,
88,244,1.5,
88,144,3.0,
88,294,3.0,
88,311,2.0,
88,30,3.5,
88,182,3.0,
88,61,2.0,
88,142,4.0,
88,81,4.0,
88,232,3.0,
88,69,3.0,
88,193,3.5,
88,220,3.0,
88,305,1.5,
88,51,3.5,
88,364,2.5,
88,91,3.0,
88,171,4.5,
88,185,3.0,
88,272,3.0,
88,252,3.5,
88,307,3.5,
88,67,2.5,
88,348,3.0,
88,42,3.0,
88,170,3.5,
88,199,3.5,
88,359,5.0,
88,389,2.0,
88,275,4.0,
88,38,4.0,
88,85,3.5,
88,277,2.5,
88,385,4.5,
88,153,1.5,
88,55,2.5,
88,151,4.0,
88,65,3.0,
88,95,4.5,
88,76,2.0,
88,264,2.0,
89,12,3.0,
89,258,4.0,
89,255,4.0,
89,69,4.0,
89,267,4.0,
89,252,3.0,
89,185,5.0,
89,354,3.5,
89,144,3.5,
89,138,3.0,
89,28,3.5,
89,15,4.0,
89,150,4.5,
89,147,5.0,
89,289,4.0,
89,281,4.0,
89,315,3.5,
89,45,3.5,
89,363,4.5,
89,217,4.5,
89,323,3.0,
89,121,4.5,
89,237,4.5,
89,270,3.0,
89,33,4.5,
89,360,3.0,
89,224,2.0,
89,279,3.5,
89,153,4.0,
89,253,3.5,
89,148,5.0,
89,277,4.0,
89,62,4.0,
89,385,4.0,
89,383,3.5,
89,239,4.5,
89,225,4.0,
89,96,4.0,
89,47,3.5,
89,259,2.5,
89,1,3.5,
89,112,4.0,
89,8,3.5,
90,167,4.0,
90,282,3.0,
90,294,3.0,
90,163,4.5,
90,326,3.5,
90,366,5.0,
90,263,3.5,
90,271,4.0,
90,358,4.0,
90,335,4.0,
90,49,3.0,
90,151,4.0,
90,296,4.0,
90,138,3.5,
90,344,5.0,
90,348,2.5,
90,65,2.5,
90,171,4.5,
90,222,4.0,
90,270,3.0,
90,237,4.0,
90,27,4.5,
90,94,2.5,
90,218,4.5,
90,221,4.0,
90,5,3.5,
90,148,4.0,
90,370,4.0,
90,176,4.5,
90,32,3.0,
90,135,4.5,
90,245,4.5,
90,76,4.5,
90,89,2.5,
90,293,5.0,
90,62,3.5,
90,165,4.5,
90,7,2.5,
90,201,3.5,
90,362,4.5,
90,351,4.5,
90,287,3.0,
91,334,4.0,
91,316,4.0,
91,141,2.0,
91,2,3.5,
91,123,5.0,
91,348,3.0,
91,292,4.0,
91,19,4.5,
91,147,2.5,
91,204,3.0,
91,239,2.0,
91,198,3.5,
91,74,4.0,
91,40,4.0,
91,324,4.5,
91,322,3.5,
91,82,2.5,
91,215,3.0,
91,37,3.0,
91,276,3.5,
91,137,5.0,
91,257,3.5,
91,222,4.5,
91,321,3.5,
91,372,2.5,
91,213,3.0,
91,253,3.0,
91,241,3.5,
91,179,4.0,
91,237,3.0,
91,67,4.0,
91,101,4.5,
91,6,3.5,
91,100,4.0,
92,161,2.5,
92,374,3.5,
92,91,4.0,
92,54,4.0,
92,224,5.0,
92,246,3.5,
92,253,3.5,
92,16,4.0,
92,63,4.0,
92,165,4.0,
92,313,5.0,
92,123,1.5,
92,245,3.5,
92,38,2.5,
92,114,3.0,
92,371,5.0,
92,94,4.5,
92,169,4.5,
92,297,4.0,
92,376,4.5,
92,84,2.5,
92,103,5.0,
92,199,3.5,
92,282,3.5,
92,336,4.5,
92,357,4.0,
92,144,4.0,
92,240,3.0,
92,105,4.0,
92,210,4.5,
92,250,3.5,
92,213,5.0,
92,270,3.5,
92,202,4.0,
92,27,5.0,
92,200,3.5,
92,50,5.0,
92,44,5.0,
92,364,4.0,
92,112,3.5,
92,329,3.5,
92,15,5.0,
92,284,5.0,
92,317,5.0,
92,107,4.0,
92,239,5.0,
92,349,4.0,
92,192,3.5,
92,131,5.0,
92,382,5.0,
92,135,3.0,
92,120,3.0,
92,128,4.0,
92,287,4.5,
92,363,3.0,
92,158,4.0,
92,241,3.5,
92,98,4.5,
93,71,3.5,
93,1,5.0,
93,337,3.0,
93,289,3.5,
93,316,4.5,
93,12,4.5,
93,297,4.5,
93,197,3.5,
93,74,4.5,
93,330,4.5,
93,34,4.5,
93,5,4.0,
93,124,4.5,
93,249,4.0,
93,273,4.5,
93,17,4.0,
93,350,3.0,
93,364,3.5,
93,281,5.0,
93,321,2.5,
93,183,5.0,
94,110,3.0,
94,85,2.0,
94,114,3.5,
94,279,3.5,
94,3,2.0,
94,338,4.5,
94,44,4.0,
94,35,4.0,
94,240,3.5,
94,297,2.5,
94,24,3.5,
94,92,3.0,
94,128,3.0,
94,182,4.5,
94,305,2.5,
94,260,3.0,
94,255,3.5,
94,253,3.5,
94,43,5.0,
94,311,3.5,
94,127,3.5,
94,152,2.5,
94,293,4.0,
94,68,5.0,
94,266,3.0,
94,220,4.0,
94,269,2.5,
94,299,3.0,
94,328,3.0,
94,334,3.5,
94,168,3.5,
94,350,4.5,
94,77,3.0,
94,378,4.0,
94,46,3.5,
94,233,2.5,
94,156,1.5,
94,231,3.5,
94,329,3.0,
94,93,3.5,
94,169,2.5,
94,69,4.0,
94,34,4.5,
94,331,3.0,
94,229,2.0,
94,159,3.5,
94,268,3.0,
94,363,2.5,
94,14,3.0,
94,2,4.0,
94,375,3.0,
94,78,4.0,
94,144,3.0,
94,389,3.5,
94,26,4.5,
95,120,3.5,
95,237,4.5,
95,265,4.0,
95,386,3.0,
95,70,4.0,
95,99,3.5,
95,320,3.5,
95,118,2.5,
95,384,3.5,
95,14,4.0,
95,19,4.5,
95,108,3.0,
95,256,5.0,
95,174,4.0,
95,333,2.5,
95,243,3.0,
95,177,4.5,
95,145,4.5,
95,304,3.5,
95,337,3.5,
95,198,2.5,
95,223,4.5,
95,170,3.0,
95,74,4.0,
95,213,4.5,
95,31,3.5,
95,388,4.5,
95,315,5.0,
95,274,4.0,
95,283,3.5,
95,165,3.5,
96,223,3.5,
96,249,4.5,
96,82,2.5,
96,61,3.5,
96,109,4.0,
96,108,4.5,
96,19,5.0,
96,281,4.5,
96,53,4.5,
96,352,4.5,
96,295,4.5,
96,270,3.0,
96,315,5.0,
96,70,5.0,
96,192,3.5,
96,191,4.0,
96,71,3.0,
96,45,3.5,
96,316,3.5,
96,137,3.5,
97,327,3.5,
97,341,5.0,
97,30,4.0,
97,106,5.0,
97,361,4.0,
97,19,3.5,
97,52,5.0,
97,292,4.0,
97,73,4.0,
97,85,3.0,
97,37,4.5,
97,384,3.5,
97,112,3.5,
97,202,3.5,
97,56,4.0,
97,258,2.5,
97,163,3.5,
97,174,4.5,
97,57,3.0,
97,320,4.0,
97,79,3.5,
97,277,3.5,
97,7,5.0,
97,71,2.5,
97,291,4.5,
97,386,3.5,
97,333,3.5,
97,373,3.0,
97,77,4.5,
97,53,3.5,
97,133,3.5,
97,110,4.0,
97,295,3.5,
97,74,2.5,
97,319,3.5,
97,340,4.5,
97,242,2.5,
97,44,3.0,
97,374,3.5,
97,148,3.5,
97,20,4.0,
97,189,3.0,
97,123,3.5,
97,360,4.0,
97,260,4.5,
97,125,5.0,
97,193,3.5,
97,267,5.0,
97,281,3.5,
97,296,4.5,
97,151,5.0,
97,1,4.0,
97,345,3.0,
97,307,4.0,
97,22,3.5,
97,49,3.5,
97,203,5.0,
97,136,3.0,
97,272,4.0,
97,287,3.0,
97,253,3.5,
97,166,4.5,
97,101,4.0,
97,80,3.5,
97,358,3.5,
98,190,3.5,
98,336,2.5,
98,295,3.5,
98,38,2.0,
98,320,3.5,
98,15,3.5,
98,352,4.0,
98,357,3.5,
98,284,2.5,
98,35,3.5,
98,256,4.5,
98,282,3.0,
98,335,4.5,
98,270,3.5,
98,78,3.0,
98,278,3.0,
98,172,3.5,
98,106,3.5,
98,97,2.5,
98,40,4.5,
98,32,3.0,
98,169,4.5,
98,103,2.5,
98,206,4.0,
98,16,4.5,
98,376,4.5,
99,291,4.5,
99,120,4.5,
99,162,3.5,
99,116,3.5,
99,335,3.5,
99,266,5.0,
99,359,4.5,
99,13,3.5,
99,351,3.5,
99,298,4.0,
99,112,5.0,
99,387,4.0,
99,167,2.5,
99,173,4.0,
99,81,4.0,
99,250,4.5,
99,63,4.0,
99,316,4.0,
99,155,3.0,
99,11,5.0,
99,386,3.5,
99,159,4.0,
99,209,4.5,
99,191,4.0,
99,255,5.0,
99,207,5.0,
99,65,3.5,
99,388,5.0,
99,135,4.5,
99,23,4.0,
99,260,3.5,
99,138,4.0,
99,182,2.5,
99,181,4.5,
99,233,3.0,
99,382,4.5,
99,332,3.5,
99,204,4.0,
99,6,3.5,
99,219,3.5,
99,372,4.5,
99,54,3.5,
99,270,3.0,
99,263,3.0,
99,174,4.5,
99,384,3.0,
99,237,4.0,
99,286,5.0,
100,72,3.0,
100,220,4.0,
100,173,3.0,
100,153,4.0,
100,109,3.5,
100,38,3.5,
100,370,5.0,
100,131,2.5,
100,332,4.0,
100,259,4.0,
100,111,4.0,
100,64,4.0,
100,137,4.0,
100,305,4.0,
100,60,5.0,
100,244,3.5,
100,342,3.5,
100,274,3.0,
100,328,3.0,
100,300,4.0,
100,295,4.0,
100,265,3.5,
100,346,4.5,
100,178,3.5,
100,283,5.0,
100,183,4.0,
100,303,4.5,
100,15,4.0,
100,191,3.5,
100,302,3.5,
100,62,3.0,
100,96,2.5,
100,365,4.5,
100,54,3.5,
100,24,3.5,
100,134,5.0,
100,364,4.5,
100,326,4.0,
100,276,3.5,
100,57,3.5,
100,61,5.0,
100,323,4.0,
100,250,5.0,
100,279,2.5,
100,20,4.0,
100,271,4.5,
100,239,4.5,
100,198,4.0,
100,155,3.5,
100,98,2.5,
100,291,3.5,
100,163,4.5,
100,335,5.0,
100,355,4.0,
100,230,3.5,
100,50,4.0,
100,55,4.0,
100,231,4.5,
100,275,3.5,
100,40,3.5,
100,161,4.0,
100,80,3.0,
100,124,3.0,
100,318,5.0,
100,255,3.5,
100,73,4.5,
100,49,4.5,
100,359,2.5,
100,22,3.0,
100,186,4.0,
100,352,3.5,
100,235,4.0,
100,272,4.0,
100,148,4.5,
100,277,3.5,
100,268,4.0,
100,217,2.5,
101,33,5.0,
101,117,3.5,
101,254,3.5,
101,25,4.0,
101,326,4.0,
101,359,3.5,
101,325,5.0,
101,253,4.5,
101,115,3.5,
101,61,4.5,
101,282,3.0,
101,236,3.0,
101,220,4.5,
101,250,3.0,
101,16,4.0,
101,119,3.0,
101,366,3.5,
101,24,3.5,
101,261,4.0,
101,337,5.0,
101,195,5.0,
101,190,4.0,
101,193,3.5,
101,372,3.5,
101,104,3.0,
101,17,4.0,
101,208,5.0,
101,213,1.5,
101,123,4.5,
101,5,5.0,
101,206,2.0,
101,225,4.0,
101,331,3.5,
101,150,4.0,
101,231,4.0,
101,300,4.0,
101,127,3.0,
101,285,5.0,
101,43,3.5,
101,211,5.0,
101,142,3.0,
101,157,3.0,
101,73,4.0,
101,328,4.5,
101,112,5.0,
101,266,3.0,
101,118,3.5,
101,363,5.0,
101,301,3.5,
101,334,4.5,
101,196,2.5,
101,36,2.5,
101,6,4.5,
101,70,4.0,
101,46,4.5,
101,87,3.5,
102,299,4.5,
102,195,4.5,
102,346,4.5,
102,87,3.0,
102,287,2.0,
102,15,2.5,
102,32,3.0,
102,352,3.0,
102,153,3.5,
102,69,4.0,
102,293,2.5,
102,34,5.0,
102,349,3.5,
102,295,4.5,
102,19,3.5,
102,200,5.0,
102,112,2.5,
102,95,3.0,
102,361,3.0,
102,264,3.5,
102,176,3.5,
102,302,3.5,
102,136,3.5,
102,235,3.5,
102,174,3.0,
102,102,3.5,
102,359,5.0,
102,258,3.5,
102,88,2.0,
102,245,3.0,
102,373,3.0,
102,184,2.5,
102,65,3.5,
102,132,4.0,
102,99,2.0,
102,261,2.0,
102,53,5.0,
102,125,2.5,
102,25,4.5,
102,251,4.0,
102,372,3.0,
102,161,2.5,
102,211,3.0,
102,230,3.0,
102,266,4.0,
102,301,2.0,
102,110,4.5,
102,217,3.0,
102,93,2.0,
102,305,3.5,
102,281,5.0,
102,194,2.5,
102,308,3.5,
102,114,3.5,
102,64,5.0,
102,137,2.5,
102,376,4.0,
102,319,2.0,
102,224,3.5,
102,198,4.0,
102,329,4.0,
102,227,2.0,
102,206,1.5,
102,365,3.0,
102,21,3.0,
102,33,2.0,
102,17,2.0,
103,333,3.0,
103,349,3.0,
103,284,3.0,
103,83,4.5,
103,248,1.5,
103,244,4.0,
103,173,3.5,
103,218,3.5,
103,40,3.0,
103,37,4.0,
103,227,2.0,
103,165,3.0,
103,243,5.0,
103,283,3.5,
103,104,2.5,
103,190,3.5,
103,133,4.0,
103,55,3.5,
103,277,3.5,
103,70,3.0,
103,172,2.5,
103,335,2.0,
103,19,3.0,
103,304,4.5,
103,102,3.0,
103,310,3.5,
103,60,2.5,
103,64,3.5,
103,97,3.0,
103,144,3.0,
103,299,3.0,
103,290,3.0,
103,322,3.5,
103,326,3.5,
103,212,1.5,
103,76,2.0,
103,210,3.0,
103,370,4.0,
103,187,2.5,
103,297,4.0,
103,201,5.0,
103,182,3.5,
103,34,3.0,
103,339,4.0,
103,376,3.5,
103,157,3.0,
103,87,3.5,
103,278,3.0,
103,331,4.5,
103,305,3.5,
103,389,4.0,
103,79,5.0,
103,74,3.5,
103,175,3.0,
103,323,3.0,
103,357,3.5,
103,253,3.5,
103,131,3.5,
103,292,4.0,
103,181,3.5,
103,101,3.0,
103,9,3.5,
103,154,3.0,
103,336,3.0,
103,134,1.5,
103,313,3.0,
103,199,4.0,
103,32,4.0,
103,108,4.0,
103,236,4.0,
103,225,3.0,
103,128,2.5,
103,124,3.5,
103,341,1.0,
104,261,4.5,
104,320,2.5,
104,356,3.0,
104,164,3.5,
104,98,2.5,
104,38,3.5,
104,345,2.0,
104,172,4.5,
104,273,5.0,
104,105,5.0,
104,83,3.5,
104,13,3.5,
104,231,3.5,
104,116,4.0,
104,153,4.5,
104,196,4.0,
104,84,3.5,
104,342,4.0,
104,297,3.5,
104,92,2.5,
104,225,3.0,
104,296,3.5,
104,46,3.0,
104,22,3.0,
104,54,4.0,
104,90,4.0,
104,65,4.0,
104,29,3.0,
104,114,3.5,
104,204,4.0,
104,145,3.0,
104,333,2.5,
104,248,4.0,
104,178,3.5,
104,362,4.5,
104,369,2.5,
104,286,4.5,
104,37,3.0,
104,16,4.0,
104,329,2.5,
104,212,2.0,
104,249,4.0,
104,52,3.5,
104,94,3.5,
104,371,2.5,
104,154,4.0,
104,260,4.5,
104,319,4.5,
104,275,3.0,
104,274,2.5,
104,169,3.5,
104,115,4.0,
104,364,2.0,
104,246,4.0,
104,301,5.0,
104,110,4.0,
105,12,2.5,
105,157,5.0,
105,200,5.0,
105,107,3.5,
105,370,3.0,
105,344,3.5,
105,149,4.0,
105,318,3.5,
105,373,2.5,
105,179,3.5,
105,364,4.0,
105,269,4.5,
105,53,5.0,
105,171,3.5,
105,19,3.0,
105,187,3.5,
105,379,3.0,
105,156,3.0,
105,177,3.0,
105,322,4.0,
105,42,3.0,
105,257,4.5,
105,78,4.5,
105,214,3.0,
105,160,2.5,
105,93,3.0,
105,141,3.5,
105,3,4.5,
105,238,3.5,
105,72,4.0,
105,332,4.0,
105,61,3.0,
105,292,3.5,
105,245,3.5,
105,74,4.0,
105,360,2.5,
105,9,3.0,
105,334,3.5,
105,317,3.5,
105,384,2.5,
105,167,3.0,
105,62,2.5,
105,44,5.0,
105,340,3.5,
105,168,3.5,
105,59,3.0,
105,310,4.0,
105,89,4.0,
105,84,3.0,
105,64,3.0,
105,273,3.5,
105,278,2.5,
105,196,4.0,
105,152,4.5,
106,324,2.5,
106,354,3.5,
106,310,4.0,
106,216,3.0,
106,114,4.5,
106,229,3.5,
106,24,4.5,
106,10,4.5,
106,88,4.0,
106,278,3.5,
106,89,3.0,
106,353,3.0,
106,133,5.0,
106,21,3.5,
106,119,3.5,
106,389,3.5,
106,26,3.5,
106,219,3.5,
106,257,3.0,
106,222,2.5,
106,349,3.5,
106,288,4.5,
106,47,3.0,
106,14,4.0,
106,153,4.0,
106,96,4.0,
106,137,5.0,
106,228,4.0,
106,197,3.5,
106,120,4.0,
106,280,4.5,
106,188,5.0,
106,168,3.5,
106,82,4.0,
106,158,5.0,
106,348,3.5,
106,155,3.5,
106,205,3.0,
106,285,3.5,
106,322,3.5,
106,206,4.0,
106,350,4.0,
106,74,2.0,
106,136,2.5,
106,125,3.5,
106,295,3.5,
106,102,3.0,
106,63,2.0,
106,101,5.0,
106,3,5.0,
106,343,4.5,
106,51,3.0,
106,318,5.0,
106,142,3.0,
106,91,4.0,
106,34,3.0,
106,166,3.5,
106,269,4.0,
106,16,2.5,
106,144,3.5,
106,97,4.0,
106,68,2.5,
106,331,3.0,
106,105,4.0,
106,370,3.0,
106,268,2.5,
107,73,4.0,
107,373,5.0,
107,374,4.0,
107,50,4.5,
107,337,4.0,
107,174,4.5,
107,247,2.5,
107,26,3.5,
107,249,4.0,
107,204,5.0,
107,330,4.0,
107,377,2.5,
107,140,4.5,
107,325,3.0,
107,58,3.5,
107,370,4.0,
107,97,4.0,
107,263,3.5,
107,224,2.5,
107,312,4.0,
107,356,4.0,
107,195,5.0,
107,209,4.0,
107,22,5.0,
107,225,5.0,
107,347,3.0,
107,105,5.0,
107,305,4.5,
108,319,2.0,
108,125,4.0,
108,299,4.0,
108,250,5.0,
108,363,4.0,
108,9,2.0,
108,67,4.5,
108,157,5.0,
108,95,3.5,
108,173,4.0,
108,178,4.0,
108,292,3.5,
108,146,5.0,
108,243,3.0,
108,238,4.5,
108,378,4.5,
108,360,3.5,
108,118,3.0,
108,239,3.5,
108,347,4.5,
108,346,4.0,
108,369,5.0,
108,314,3.5,
108,375,3.5,
108,284,4.5,
108,176,2.5,
108,33,3.5,
108,123,3.5,
108,318,4.0,
108,276,3.5,
108,2,2.5,
108,348,5.0,
108,289,5.0,
108,288,2.5,
108,17,4.5,
108,266,3.5,
108,350,4.0,
108,305,4.0,
108,244,2.5,
108,200,4.5,
108,180,3.5,
108,82,1.5,
108,75,4.0,
108,213,2.5,
108,48,4.5,
108,83,3.5,
108,341,4.0,
108,74,4.0,
108,358,4.0,
108,225,3.5,
108,37,4.5,
108,353,3.5,
108,246,3.0,
108,248,4.0,
108,263,3.5,
108,222,4.0,
108,311,4.0,
108,388,4.0,
108,41,5.0,
108,226,3.0,
108,332,2.0,
108,298,4.0,
108,274,4.5,
108,197,2.5,
108,338,4.0,
108,77,2.5,
108,237,4.5,
108,329,4.0,
108,205,3.0,
108,184,2.5,
108,121,5.0,
108,3,5.0,
108,373,3.0,
108,201,3.0,
108,253,4.0,
109,41,1.0,
109,375,2.5,
109,276,2.0,
109,113,2.5,
109,137,3.5,
109,173,3.5,
109,193,3.0,
109,329,2.0,
109,40,3.0,
109,240,2.0,
109,377,4.0,
109,331,3.0,
109,289,2.0,
109,111,2.0,
109,126,3.0,
109,206,3.0,
109,355,3.0,
109,189,4.0,
109,340,2.5,
109,367,4.0,
109,388,3.0,
109,228,3.5,
109,347,2.5,
109,183,3.5,
109,251,2.5,
109,27,4.5,
109,168,3.0,
109,323,2.5,
109,257,2.0,
109,127,3.0,
109,270,3.0,
109,350,2.0,
109,282,2.5,
109,179,1.5,
109,379,2.0,
109,70,3.0,
109,369,3.5,
109,246,3.0,
109,132,3.5,
109,271,2.5,
109,227,3.5,
109,181,3.0,
109,154,3.0,
109,281,3.0,
109,169,2.5,
109,46,2.0,
109,261,2.0,
109,139,2.0,
109,307,3.0,
109,235,3.5,
109,19,4.0,
110,247,2.5,
110,42,2.5,
110,134,3.5,
110,208,3.0,
110,193,4.5,
110,371,3.0,
110,361,2.0,
110,88,3.0,
110,377,2.5,
110,226,2.0,
110,301,3.0,
110,35,3.0,
110,292,3.0,
110,303,4.5,
110,189,3.0,
110,79,4.0,
110,201,3.0,
110,118,3.5,
110,374,3.0,
110,351,3.5,
110,294,3.0,
110,197,4.5,
110,300,3.5,
110,172,3.0,
110,204,4.0,
110,350,3.0,
110,14,4.0,
110,90,2.0,
110,156,5.0,
110,385,3.0,
110,49,2.0,
110,284,3.5,
110,276,4.0,
110,346,2.5,
110,359,2.5,
110,206,4.0,
110,235,3.5,
110,211,2.5,
110,213,3.0,
110,165,2.0,
110,161,2.5,
110,34,2.0,
110,152,3.0,
110,89,3.5,
110,169,3.0,
110,60,4.0,
110,210,2.5,
110,123,2.0,
110,342,4.0,
110,186,3.5,
110,195,4.0,
110,12,3.0,
110,268,4.5,
110,200,2.0,
110,65,3.0,
110,334,3.5,
110,57,2.5,
110,77,3.5,
110,120,4.0,
110,61,3.5,
110,254,3.0,
110,221,4.0,
110,166,3.5,
110,271,3.0,
110,53,3.0,
110,185,3.0,
110,315,4.0,
110,103,4.0,
110,7,4.0,
110,164,3.5,
110,44,2.5,
110,160,3.5,
110,145,2.5,
110,363,3.0,
110,148,4.0,
110,68,4.0,
111,121,4.0,
111,185,3.5,
111,222,3.0,
111,304,2.5,
111,135,2.5,
111,28,4.5,
111,12,4.0,
111,158,4.5,
111,219,2.5,
111,287,3.5,
111,281,3.5,
111,335,4.0,
111,110,3.0,
111,201,2.5,
111,233,2.5,
111,366,3.0,
111,67,3.0,
111,6,3.5,
111,384,2.0,
111,93,4.0,
111,128,2.0,
111,322,4.0,
111,138,3.0,
111,332,4.5,
111,334,1.5,
111,341,4.0,
111,363,2.0,
111,140,2.0,
111,77,4.5,
111,81,3.5,
111,30,2.0,
111,235,3.0,
111,52,4.0,
111,238,3.5,
111,37,3.0,
111,214,4.0,
111,120,3.5,
111,131,1.5,
111,374,3.0,
111,302,3.5,
111,123,3.0,
111,2,2.5,
111,250,3.5,
111,228,3.0,
111,191,1.5,
111,41,2.0,
111,297,3.5,
111,36,3.5,
111,291,2.5,
111,179,3.5,
111,152,3.5,
111,290,3.0,
111,263,3.5,
111,265,3.5,
111,124,3.5,
111,377,4.0,
111,54,2.0,
111,344,2.5,
111,72,4.0,
111,19,3.5,
111,166,3.5,
111,125,3.5,
111,359,4.0,
111,333,3.0,
111,279,2.5,
112,266,5.0,
112,96,4.0,
112,23,2.0,
112,293,3.5,
112,187,4.0,
112,66,4.5,
112,39,3.0,
112,80,4.0,
112,100,4.5,
112,188,4.0,
112,384,4.5,
112,45,3.0,
112,315,4.0,
112,65,5.0,
112,167,2.5,
112,270,4.0,
112,376,2.5,
112,377,4.5,
112,38,2.0,
112,118,3.0,
112,150,5.0,
112,146,3.0,
112,95,3.5,
112,159,4.5,
112,145,3.5,
112,254,2.0,
112,193,2.5,
112,362,4.5,
112,72,4.5,
112,276,2.0,
112,41,3.0,
112,388,3.0,
112,218,3.0,
112,28,3.0,
112,294,3.5,
112,249,3.0,
112,354,3.0,
112,246,2.5,
112,367,4.0,
112,99,2.5,
112,191,4.0,
112,252,4.5,
112,147,5.0,
112,237,4.0,
112,75,3.5,
112,5,2.0,
112,238,4.5,
112,260,3.5,
112,290,4.0,
112,321,4.0,
112,204,3.5,
112,197,3.5,
112,331,3.0,
112,324,4.0,
112,245,2.5,
112,278,2.5,
112,91,3.0,
112,33,4.5,
112,174,4.0,
112,272,3.0,
112,277,3.0,
112,16,3.5,
112,210,4.0,
112,35,4.5,
112,113,5.0,
112,148,3.5,
113,138,5.0,
113,102,2.0,
113,82,4.0,
113,295,2.5,
113,107,2.5,
113,212,3.5,
113,344,4.0,
113,249,3.5,
113,293,3.5,
113,125,4.0,
113,122,4.0,
113,26,5.0,
113,198,3.0,
113,247,4.0,
113,372,3.0,
113,46,3.5,
113,255,4.0,
113,180,4.0,
113,253,3.0,
113,165,3.5,
113,41,4.0,
113,43,4.0,
113,36,4.5,
113,265,5.0,
113,194,3.5,
113,63,2.5,
113,17,4.0,
113,303,2.5,
113,210,5.0,
113,311,3.0,
113,166,4.5,
113,106,4.0,
113,65,4.0,
113,71,2.5,
113,338,3.0,
113,199,3.5,
113,314,3.5,
113,287,3.5,
113,298,3.0,
113,251,4.0,
113,115,3.5,
113,146,4.0,
113,103,2.5,
113,387,4.0,
113,161,5.0,
113,173,3.5,
113,183,4.5,
113,191,3.5,
113,350,3.5,
113,291,4.0,
113,6,5.0,
113,84,5.0,
113,323,2.5,
113,87,3.0,
113,184,3.5,
113,99,3.0,
113,124,4.0,
113,157,3.5,
113,259,3.5,
113,318,5.0,
113,77,4.0,
113,382,4.0,
113,187,3.0,
113,204,3.5,
113,156,3.5,
113,5,3.5,
113,379,3.5,
113,70,4.5,
113,49,4.5,
113,292,4.0,
113,112,3.5,
113,83,3.5,
113,214,4.5,
113,153,4.0,
113,260,4.0,
114,293,4.0,
114,206,2.5,
114,175,2.5,
114,251,2.5,
114,191,4.0,
114,168,2.0,
114,111,4.0,
114,141,4.0,
114,31,3.5,
114,243,2.5,
114,73,3.0,
114,22,4.0,
114,205,4.5,
114,13,2.5,
114,283,4.5,
114,110,4.0,
114,383,3.5,
114,74,3.0,
114,354,3.0,
114,211,5.0,
114,312,3.5,
114,104,4.5,
114,378,3.5,
114,37,3.0,
114,235,4.0,
114,139,5.0,
114,335,3.0,
114,33,4.5,
114,377,3.5,
114,263,2.5,
114,274,2.5,
114,21,3.0,
114,159,4.0,
114,122,4.0,
114,50,2.5,
114,359,4.0,
114,180,3.5,
114,295,3.5,
114,38,4.0,
114,10,5.0,
114,334,4.0,
114,225,2.5,
114,5,3.5,
115,310,2.5,
115,185,4.0,
115,58,3.0,
115,167,1.0,
115,253,4.0,
115,172,4.5,
115,286,5.0,
115,31,3.5,
115,381,4.0,
115,163,2.5,
115,208,2.0,
115,388,4.5,
115,156,4.0,
115,196,4.5,
115,192,3.0,
115,214,5.0,
115,75,3.5,
115,67,3.0,
115,104,3.0,
115,297,2.0,
116,90,3.5,
116,345,2.0,
116,95,3.0,
116,366,3.5,
116,59,4.0,
116,198,4.5,
116,14,3.5,
116,125,4.5,
116,43,3.5,
116,323,3.0,
116,243,4.0,
116,91,3.0,
116,117,3.5,
116,81,3.0,
116,57,2.5,
116,45,4.0,
116,40,3.5,
116,31,4.5,
116,292,2.0,
116,177,3.0,
116,60,4.5,
116,250,4.0,
116,79,4.0,
116,293,4.5,
117,16,2.5,
117,113,3.0,
117,12,3.0,
117,83,2.5,
117,10,3.5,
117,143,2.0,
117,214,4.0,
117,151,3.5,
117,63,2.5,
117,77,2.5,
117,269,4.0,
117,150,2.5,
117,124,4.5,
117,296,1.5,
117,2,2.5,
117,104,3.0,
117,282,3.0,
117,145,3.5,
117,100,3.0,
117,205,3.0,
117,15,2.5,
117,29,2.5,
117,78,2.5,
117,97,3.0,
117,115,1.5,
117,75,3.5,
117,344,3.0,
117,326,3.0,
117,257,4.0,
117,67,3.5,
117,135,3.5,
117,14,3.5,
117,293,2.5,
117,129,3.5,
117,221,4.0,
117,283,1.0,
117,168,4.5,
117,353,3.5,
117,338,3.5,
117,348,4.0,
118,27,2.5,
118,268,2.5,
118,238,2.0,
118,257,2.5,
118,245,4.5,
118,140,3.0,
118,104,2.5,
118,361,4.5,
118,28,2.5,
118,108,2.5,
118,301,4.0,
118,295,3.5,
118,13,3.0,
118,387,3.5,
118,342,3.5,
118,230,2.0,
118,165,1.0,
118,94,2.5,
118,305,4.0,
118,304,2.5,
118,364,3.5,
118,33,3.0,
118,123,1.5,
118,300,2.5,
119,29,4.5,
119,244,3.5,
119,138,5.0,
119,315,2.5,
119,75,3.0,
119,1,4.0,
119,249,4.0,
119,50,3.5,
119,289,4.0,
119,291,3.0,
119,321,3.0,
119,78,4.0,
119,57,4.5,
119,36,3.5,
119,162,2.5,
119,195,4.0,
119,197,4.5,
119,179,3.0,
119,201,3.5,
119,113,4.5,
119,4,3.0,
119,324,4.0,
119,278,3.5,
119,177,5.0,
119,322,3.0,
119,196,2.5,
119,364,4.5,
119,63,3.5,
119,208,3.0,
119,189,3.5,
119,380,5.0,
119,30,4.0,
119,366,5.0,
119,235,3.0,
120,11,4.0,
120,303,4.0,
120,232,4.5,
120,37,3.5,
120,156,3.0,
120,102,4.0,
120,73,2.5,
120,256,4.5,
120,217,4.5,
120,195,3.5,
120,116,3.5,
120,145,2.0,
120,170,3.5,
120,239,4.0,
120,147,4.0,
120,320,4.0,
120,114,3.5,
120,291,4.5,
120,244,3.0,
120,43,3.0,
120,105,2.5,
120,81,3.0,
120,310,3.0,
120,230,2.0,
120,180,3.0,
120,38,4.5,
120,233,4.0,
120,376,4.0,
120,31,4.0,
120,245,3.5,
120,190,3.5,
120,222,3.0,
120,22,4.0,
120,153,5.0,
120,19,2.5,
120,169,4.5,
120,236,3.5,
120,128,5.0,
120,342,4.0,
120,332,3.5,
120,382,3.5,
120,183,4.5,
120,385,5.0,
120,211,4.5,
120,57,3.5,
120,262,4.0,
120,273,5.0,
120,12,4.0,
120,45,3.5,
120,227,2.5,
120,54,4.5,
120,225,3.5,
120,47,3.0,
120,162,4.5,
120,229,4.5,
120,306,3.0,
121,141,3.0,
121,127,5.0,
121,22,2.5,
121,97,3.0,
121,52,3.0,
121,306,3.5,
121,156,4.0,
121,330,4.5,
121,59,2.5,
121,74,3.5,
121,289,3.0,
121,184,3.5,
121,178,4.0,
121,144,4.5,
121,69,4.0,
121,309,3.5,
121,360,4.0,
121,54,2.5,
121,347,2.5,
121,261,3.0,
121,357,4.0,
121,297,3.0,
121,163,3.0,
121,105,1.5,
121,224,5.0,
121,33,3.0,
121,30,1.0,
121,238,3.0,
121,112,3.5,
121,251,3.0,
121,326,2.5,
121,226,4.0,
121,129,3.5,
121,110,3.5,
121,93,2.5,
121,25,2.5,
121,49,3.0,
121,86,2.5,
121,55,3.5,
121,308,3.0,
121,126,2.5,
121,137,3.5,
121,259,5.0,
121,142,2.5,
121,389,2.5,
121,284,3.0,
121,361,3.5,
121,350,3.5,
121,318,3.0,
121,299,2.5,
121,344,5.0,
121,260,4.0,
121,197,4.5,
121,387,3.5,
121,119,3.0,
121,243,3.5,
121,334,4.5,
121,34,3.5,
121,314,1.5,
121,298,4.0,
121,100,4.5,
121,202,4.0,
121,186,2.0,
121,71,3.5,
121,154,4.0,
121,262,3.0,
121,294,3.5,
121,219,3.5,
121,206,2.5,
122,163,4.0,
122,17,4.0,
122,216,3.0,
122,100,4.0,
122,94,4.0,
122,138,5.0,
122,221,5.0,
122,220,2.5,
122,82,4.0,
122,347,4.0,
122,129,4.5,
122,366,4.0,
122,274,4.0,
122,212,3.0,
122,219,4.0,
122,361,3.5,
122,358,4.0,
122,145,3.5,
122,259,4.0,
122,291,4.0,
122,126,4.0,
122,73,3.0,
122,302,5.0,
122,36,4.0,
122,329,4.0,
122,371,3.5,
122,152,2.5,
122,280,4.0,
122,25,4.0,
122,322,4.5,
122,209,3.0,
122,353,3.5,
122,240,4.0,
122,50,3.5,
122,310,3.5,
122,124,4.0,
122,312,4.5,
123,203,3.5,
123,34,4.5,
123,254,3.5,
123,197,3.0,
123,107,3.0,
123,152,4.0,
123,347,3.5,
123,309,3.5,
123,322,1.5,
123,40,3.5,
123,346,3.0,
123,295,4.5,
123,38,3.0,
123,353,3.0,
123,15,2.5,
123,106,4.5,
123,176,4.0,
123,275,2.5,
123,219,3.0,
123,146,4.0,
123,73,5.0,
123,215,4.0,
123,330,4.5,
123,364,3.5,
123,162,3.0,
123,30,3.5,
123,194,4.5,
123,258,3.0,
123,210,3.5,
123,316,5.0,
123,177,5.0,
123,28,3.5,
123,370,4.5,
123,187,2.5,
123,244,4.0,
123,378,3.5,
123,371,4.0,
123,25,2.5,
123,356,2.5,
123,212,3.0,
123,20,2.5,
123,205,3.0,
123,272,5.0,
123,313,4.5,
123,23,4.0,
123,29,4.0,
123,317,4.0,
123,105,3.5,
123,357,4.0,
123,134,4.5,
123,124,3.5,
123,375,5.0,
123,339,3.5,
123,108,3.0,
123,61,4.0,
123,386,3.5,
123,103,3.5,
123,139,4.5,
123,46,3.5,
123,325,3.0,
123,33,3.5,
123,161,3.0,
123,310,3.0,
123,79,4.5,
123,16,3.0,
123,153,3.5,
123,22,3.5,
123,143,3.5,
123,227,2.0,
123,63,4.0,
123,32,3.5,
123,154,4.5,
123,352,4.0,
123,238,3.5,
123,70,3.5,
123,273,5.0,
123,4,3.0,
123,37,4.0,
124,232,3.0,
124,341,4.0,
124,303,3.0,
124,24,4.5,
124,379,4.0,
124,371,3.0,
124,170,3.5,
124,251,2.5,
124,256,4.0,
124,253,5.0,
124,244,2.5,
124,73,3.5,
124,14,4.0,
124,383,2.5,
124,52,3.0,
124,34,2.0,
125,345,2.5,
125,212,3.5,
125,45,3.0,
125,277,4.5,
125,38,3.5,
125,72,4.0,
125,109,3.0,
125,190,4.0,
125,111,1.5,
125,88,3.5,
125,320,4.5,
125,27,2.5,
125,184,4.0,
125,230,4.0,
125,361,2.5,
125,317,4.0,
125,302,3.5,
125,238,3.5,
125,232,4.5,
125,384,4.5,
125,236,4.0,
125,369,4.5,
125,264,3.0,
125,171,3.0,
125,353,3.0,
125,187,3.0,
125,311,3.0,
125,50,3.5,
125,29,3.0,
125,260,2.5,
125,141,4.0,
125,4,3.0,
125,282,4.5,
125,274,4.0,
126,280,4.0,
126,14,2.5,
126,177,3.5,
126,175,3.0,
126,212,4.5,
126,136,3.0,
126,62,3.5,
126,8,3.0,
126,197,2.5,
126,215,3.5,
126,157,2.5,
126,273,4.0,
126,185,4.0,
126,265,3.0,
126,239,3.0,
126,272,3.5,
126,301,2.0,
126,22,2.5,
126,372,2.0,
126,173,2.5,
126,52,2.5,
126,311,2.0,
126,50,3.0,
126,34,3.0,
126,323,3.5,
126,123,3.0,
126,70,4.0,
126,188,3.5,
126,331,5.0,
126,232,2.0,
126,93,4.0,
126,249,2.0,
126,148,4.0,
126,171,3.5,
126,140,3.0,
126,1,3.5,
126,380,2.5,
126,13,2.5,
126,29,3.5,
126,303,2.0,
126,89,3.5,
126,128,3.0,
126,339,3.0,
126,282,2.5,
126,242,3.5,
126,359,4.0,
126,122,5.0,
126,217,4.0,
126,363,4.0,
126,374,2.5,
126,354,2.5,
126,328,3.0,
126,375,3.5,
126,383,3.0,
126,263,4.0,
126,108,2.5,
126,3,2.0,
126,9,4.0,
126,124,3.5,
126,32,3.0,
127,23,5.0,
127,44,3.5,
127,345,3.0,
127,56,5.0,
127,311,3.0,
127,62,3.0,
127,131,3.5,
127,128,4.0,
127,209,4.5,
127,173,1.5,
127,323,4.5,
127,282,3.5,
127,317,3.5,
127,264,5.0,
127,85,4.0,
127,99,4.0,
127,47,3.5,
127,315,4.5,
127,354,5.0,
127,281,1.5,
127,148,4.5,
127,348,5.0,
127,222,4.0,
127,302,3.0,
127,201,3.0,
127,10,5.0,
127,65,3.0,
127,350,5.0,
128,231,4.0,
128,243,2.0,
128,329,3.0,
128,90,3.0,
128,349,4.0,
128,154,3.0,
128,54,3.0,
128,14,2.5,
128,262,2.5,
128,151,2.5,
128,112,2.5,
128,282,2.5,
128,102,4.5,
128,35,4.5,
128,137,4.0,
128,380,3.5,
128,158,3.0,
128,81,3.5,
128,249,4.5,
128,140,3.5,
128,217,3.0,
128,229,4.0,
128,247,5.0,
128,304,2.5,
128,336,2.5,
128,269,4.5,
128,61,4.0,
128,155,2.5,
128,208,3.5,
128,233,3.0,
128,4,2.5,
128,57,2.5,
128,53,3.0,
128,106,3.5,
128,287,4.0,
128,1,3.0,
128,23,3.0,
128,353,4.0,
128,21,3.0,
128,213,3.0,
128,18,4.5,
128,176,3.0,
128,374,3.0,
128,76,3.0,
128,267,3.0,
128,123,4.5,
129,174,4.0,
129,335,4.0,
129,124,3.0,
129,171,4.0,
129,340,4.0,
129,3,3.0,
129,102,3.0,
129,193,4.0,
129,257,4.5,
129,95,4.0,
129,81,4.5,
129,211,4.5,
129,144,3.5,
129,308,4.0,
129,119,4.5,
129,38,3.0,
129,229,4.5,
129,93,5.0,
129,361,3.0,
129,32,5.0,
129,375,4.5,
129,176,3.5,
129,8,2.0,
129,275,3.5,
129,57,4.0,
129,99,4.0,
129,15,2.5,
129,227,3.0,
129,298,4.5,
129,154,4.0,
129,372,4.5,
129,318,4.0,
129,87,3.5,
129,126,4.0,
129,158,4.0,
129,248,2.5,
129,284,5.0,
129,84,4.5,
129,259,4.0,
129,204,2.5,
129,299,4.5,
129,356,3.5,
129,63,4.5,
129,197,4.0,
129,86,3.5,
129,169,4.5,
129,339,3.0,
129,274,4.0,
129,334,5.0,
129,332,4.0,
129,235,4.5,
129,303,4.0,
129,330,3.5,
129,370,2.5,
129,208,3.5,
129,388,4.5,
129,232,3.0,
129,112,3.0,
129,14,4.0,
129,260,4.5,
130,147,2.0,
130,148,4.0,
130,72,3.0,
130,32,3.0,
130,232,3.0,
130,31,3.0,
130,385,4.5,
130,104,2.0,
130,45,2.0,
130,363,3.5,
130,131,3.0,
130,50,3.5,
130,99,4.0,
130,383,2.5,
130,202,4.0,
130,254,2.5,
130,160,3.5,
130,67,2.5,
130,246,3.5,
130,365,3.5,
130,35,2.5,
130,119,2.0,
130,155,4.0,
130,62,3.0,
130,132,4.0,
130,183,3.0,
130,24,4.5,
130,329,2.5,
130,330,4.5,
130,271,3.5,
130,44,3.5,
130,388,2.5,
130,204,4.0,
130,265,4.0,
130,170,3.0,
130,71,1.5,
130,325,2.5,
130,198,2.5,
130,188,3.5,
130,159,3.0,
130,28,3.0,
131,284,3.5,
131,88,2.5,
131,305,5.0,
131,130,3.5,
131,387,3.0,
131,298,4.0,
131,81,4.5,
131,288,4.0,
131,142,3.0,
131,231,4.5,
131,327,3.5,
131,255,4.0,
131,13,3.0,
131,62,4.5,
131,190,4.0,
131,64,4.5,
131,271,2.5,
131,219,2.5,
131,238,3.5,
132,282,3.5,
132,304,5.0,
132,223,5.0,
132,135,4.0,
132,110,3.5,
132,208,3.5,
132,4,3.5,
132,25,5.0,
132,371,4.0,
132,197,4.5,
132,268,4.0,
132,5,4.0,
132,27,4.5,
132,61,4.5,
132,251,4.0,
132,28,5.0,
132,98,2.5,
132,196,4.0,
132,149,3.5,
132,280,4.5,
132,170,2.5,
132,54,4.0,
132,26,4.0,
132,99,4.5,
132,67,3.5,
132,240,5.0,
132,296,3.0,
132,74,3.0,
132,188,4.0,
132,24,3.5,
132,192,5.0,
132,295,2.5,
132,87,3.5,
132,332,4.5,
132,50,3.0,
132,318,2.5,
132,217,5.0,
132,216,3.0,
132,159,4.5,
132,18,3.0,
132,246,3.5,
132,281,4.5,
133,200,1.5,
133,201,3.0,
133,153,4.0,
133,203,4.5,
133,20,2.0,
133,85,3.5,
133,148,3.5,
133,81,2.5,
133,18,3.0,
133,165,3.0,
133,279,2.0,
133,364,2.5,
133,24,4.5,
133,245,3.5,
133,319,2.0,
133,49,2.0,
133,168,4.5,
133,108,2.5,
133,270,3.0,
133,135,4.0,
133,381,3.0,
133,376,2.5,
133,300,3.5,
133,184,2.5,
133,248,3.0,
134,279,5.0,
134,360,2.5,
134,191,4.0,
134,138,4.0,
134,155,3.5,
134,199,2.5,
134,226,4.0,
134,297,4.5,
134,287,3.0,
134,241,4.5,
134,109,3.5,
134,44,4.5,
134,368,4.5,
134,43,3.5,
134,74,4.0,
134,219,3.0,
134,364,2.5,
134,335,4.0,
134,225,2.5,
134,125,5.0,
134,114,4.5,
134,307,3.5,
134,324,5.0,
134,103,3.0,
134,348,3.5,
134,27,3.5,
134,51,3.5,
134,311,3.5,
134,202,4.0,
134,157,3.0,
134,207,3.5,
134,274,3.0,
134,53,3.5,
134,293,2.5,
134,130,3.0,
134,72,5.0,
134,193,3.0,
134,263,4.0,
134,56,3.0,
134,2,3.0,
134,147,3.5,
134,250,3.0,
134,84,4.0,
134,69,3.5,
134,277,4.5,
134,229,2.5,
134,346,4.0,
134,223,4.0,
134,50,3.0,
134,165,3.0,
134,152,2.5,
134,326,2.5,
134,361,3.5,
135,48,2.0,
135,49,4.0,
135,189,3.0,
135,16,4.0,
135,300,3.5,
135,208,3.5,
135,321,2.5,
135,277,3.5,
135,348,3.5,
135,119,1.5,
135,361,4.0,
135,139,4.0,
135,31,2.5,
135,234,4.0,
135,47,3.0,
135,5,2.5,
135,329,3.5,
135,299,4.0,
135,322,4.5,
135,129,4.5,
135,197,2.0,
135,214,2.0,
135,301,3.0,
135,262,2.5,
135,297,5.0,
135,243,3.5,
135,288,3.0,
135,45,2.5,
135,60,3.5,
135,315,1.5,
135,294,4.0,
135,151,4.5,
135,86,2.0,
135,172,3.5,
136,365,3.5,
136,229,3.0,
136,372,3.5,
136,82,2.0,
136,9,3.5,
136,159,5.0,
136,112,3.5,
136,102,3.0,
136,202,3.5,
136,383,3.5,
136,109,5.0,
136,153,3.0,
136,115,2.5,
136,369,3.5,
136,335,3.5,
136,114,4.0,
136,201,4.0,
136,374,5.0,
136,297,3.0,
136,161,3.0,
136,187,2.0,
136,312,4.0,
136,86,3.0,
136,15,4.0,
136,144,3.0,
136,173,5.0,
136,184,2.5,
136,233,4.5,
136,93,4.0,
136,37,4.0,
136,268,2.5,
136,134,4.0,
136,85,3.5,
136,151,2.0,
136,180,4.5,
136,166,3.0,
136,7,4.5,
136,4,3.5,
136,30,4.0,
136,75,3.0,
136,271,3.5,
136,208,3.5,
136,296,3.0,
136,199,3.0,
136,303,1.0,
136,133,3.0,
136,165,4.0,
136,131,2.5,
136,99,2.5,
136,78,2.5,
136,240,3.5,
136,243,2.5,
136,256,4.5,
136,120,4.0,
136,298,3.5,
136,66,3.5,
136,163,3.0,
136,154,3.0,
136,317,4.0,
136,321,4.0,
136,326,4.0,
136,70,3.0,
136,191,3.0,
136,300,2.5,
136,103,4.0,
136,188,2.0,
136,101,1.5,
136,275,2.0,
136,80,1.5,
136,183,4.5,
137,227,5.0,
137,365,4.0,
137,296,4.0,
137,381,5.0,
137,242,3.0,
137,118,3.0,
137,13,4.0,
137,207,5.0,
137,66,3.5,
137,313,4.0,
137,357,4.5,
137,330,5.0,
137,68,4.5,
137,268,5.0,
137,260,4.5,
137,331,4.0,
137,217,3.0,
137,120,3.5,
137,209,3.5,
137,377,4.0,
137,92,4.0,
137,91,5.0,
137,115,2.0,
137,193,3.5,
137,319,5.0,
137,84,2.5,
137,315,3.0,
137,184,4.0,
137,129,4.5,
137,304,2.5,
137,199,5.0,
137,239,4.0,
137,316,2.5,
137,89,4.5,
137,385,4.5,
137,230,4.0,
137,190,3.5,
137,25,3.0,
137,232,3.5,
137,305,4.5,
137,132,2.5,
137,154,3.0,
137,262,4.0,
137,162,4.5,
137,356,4.5,
137,17,3.0,
137,318,3.5,
137,366,3.5,
137,245,4.0,
137,176,4.0,
137,179,3.5,
137,355,4.0,
137,303,4.0,
137,49,2.5,
137,224,5.0,
137,360,4.5,
137,133,2.5,
138,227,5.0,
138,202,3.5,
138,188,4.0,
138,386,4.5,
138,109,3.5,
138,263,3.5,
138,169,4.5,
138,304,4.0,
138,337,4.5,
138,65,4.0,
138,86,3.0,
138,357,5.0,
138,220,4.0,
138,132,4.5,
138,271,3.5,
138,136,4.5,
138,323,5.0,
138,70,4.5,
138,111,4.0,
138,167,3.5,
138,38,3.0,
138,124,3.0,
138,206,5.0,
138,379,3.5,
138,89,4.5,
138,9,4.5,
138,87,4.5,
138,201,4.5,
138,127,3.0,
138,162,3.0,
138,192,3.5,
138,35,5.0,
138,12,5.0,
138,4,4.0,
138,68,5.0,
138,73,3.0,
138,234,3.5,
138,67,5.0,
139,322,5.0,
139,46,3.5,
139,360,3.0,
139,289,4.5,
139,234,3.5,
139,275,4.0,
139,188,3.0,
139,324,4.0,
139,330,3.5,
139,177,3.5,
139,285,3.5,
139,195,4.0,
139,359,4.5,
139,47,3.5,
139,251,4.0,
139,69,4.0,
139,25,4.0,
139,244,4.5,
139,95,5.0,
139,297,3.5,
139,118,5.0,
139,205,3.5,
139,156,3.0,
139,94,3.0,
139,278,4.0,
139,148,4.0,
139,55,3.0,
139,66,3.0,
139,127,3.0,
139,362,3.0,
139,42,2.0,
139,193,2.0,
139,379,3.5,
139,27,4.0,
139,365,4.0,
139,310,2.5,
139,163,2.5,
139,329,3.0,
139,333,3.5,
139,186,4.5,
139,218,4.0,
139,178,3.5,
139,316,4.0,
139,74,3.0,
139,372,3.5,
139,312,3.5,
139,241,5.0,
139,77,4.0,
139,388,3.0,
139,123,3.0,
139,140,3.5,
139,179,2.5,
139,331,3.5,
139,274,3.5,
139,259,4.0,
139,72,4.0,
139,85,3.5,
139,294,2.5,
139,165,2.5,
139,246,3.0,
139,57,4.0,
139,189,4.0,
139,22,3.5,
139,211,5.0,
139,19,5.0,
139,270,4.5,
139,353,4.0,
139,262,4.0,
139,81,4.0,
139,347,2.0,
139,126,3.0,
139,212,3.5,
139,279,4.0,
139,216,3.5,
139,113,4.0,
140,19,3.0,
140,317,2.0,
140,315,2.5,
140,379,3.0,
140,139,3.0,
140,146,3.0,
140,26,3.5,
140,249,2.5,
140,356,3.0,
140,243,3.0,
140,43,3.5,
140,278,4.0,
140,195,4.0,
140,187,3.5,
140,310,3.5,
140,141,3.5,
140,3,3.0,
140,194,4.0,
140,271,2.5,
140,6,1.5,
140,283,2.5,
140,13,4.5,
140,170,3.0,
141,267,3.5,
141,122,2.5,
141,370,3.5,
141,322,3.5,
141,277,2.5,
141,254,4.0,
141,252,3.0,
141,151,3.0,
141,15,2.5,
141,69,2.5,
141,243,3.0,
141,313,4.5,
141,111,3.5,
141,54,2.0,
141,339,3.0,
141,141,2.5,
141,180,4.0,
141,295,3.0,
141,338,2.0,
141,91,3.5,
141,140,2.5,
141,282,3.5,
141,388,4.0,
141,161,3.0,
141,118,3.0,
141,284,3.0,
141,285,2.5,
141,139,3.0,
141,53,3.0,
141,218,2.5,
141,145,4.0,
141,63,1.5,
141,44,3.5,
141,291,4.0,
141,310,3.5,
141,261,2.0,
141,350,4.0,
141,148,4.5,
141,363,3.0,
141,173,3.0,
141,234,3.5,
141,377,2.5,
141,307,2.0,
141,12,3.5,
142,296,3.5,
142,22,3.0,
142,221,2.5,
142,165,2.5,
142,175,3.0,
142,137,3.5,
142,135,3.0,
142,99,2.5,
142,197,4.0,
142,248,1.0,
142,130,3.0,
142,107,2.5,
142,383,2.5,
142,225,3.5,
142,139,3.0,
142,129,3.0,
142,30,4.5,
142,347,3.5,
142,234,5.0,
142,282,4.0,
142,21,2.5,
142,39,5.0,
142,313,3.5,
142,318,5.0,
142,292,3.0,
142,114,3.5,
142,186,3.5,
142,144,3.5,
142,32,4.5,
142,330,5.0,
142,255,1.5,
142,264,4.0,
142,307,2.5,
142,112,1.5,
142,157,4.0,
142,96,4.0,
142,204,4.0,
142,42,3.5,
142,161,4.0,
142,174,3.0,
142,207,3.5,
142,156,4.0,
142,106,4.5,
142,242,3.5,
143,232,3.5,
143,101,4.0,
143,281,3.0,
143,78,3.0,
143,173,1.5,
143,372,3.5,
143,296,3.5,
143,52,3.0,
143,60,3.0,
143,44,5.0,
143,3,1.5,
143,342,2.5,
143,205,5.0,
143,295,4.5,
143,335,4.0,
143,379,3.5,
143,73,3.0,
143,19,2.5,
143,164,4.0,
143,104,4.0,
143,193,3.0,
143,318,2.0,
143,329,4.0,
144,299,3.0,
144,116,4.0,
144,215,3.0,
144,162,2.5,
144,19,4.0,
144,319,3.5,
144,262,3.0,
144,68,5.0,
144,169,3.0,
144,4,4.0,
144,304,4.5,
144,223,3.5,
144,156,3.0,
144,257,4.0,
144,232,4.0,
144,142,4.5,
144,289,5.0,
144,366,3.5,
145,283,4.5,
145,16,2.5,
145,253,5.0,
145,73,4.0,
145,90,3.5,
145,340,3.0,
145,334,4.0,
145,20,2.0,
145,26,3.0,
145,261,2.5,
145,372,2.5,
145,192,4.0,
145,240,3.5,
145,233,4.0,
145,112,3.0,
145,186,4.0,
145,302,3.5,
145,13,3.0,
145,121,3.0,
145,362,1.5,
145,66,4.0,
145,271,4.0,
145,178,5.0,
146,123,3.0,
146,328,2.5,
146,292,3.5,
146,127,4.5,
146,133,3.5,
146,161,3.5,
146,344,3.0,
146,189,3.0,
146,271,3.0,
146,151,3.5,
146,245,4.0,
146,196,3.0,
146,309,4.5,
146,162,3.0,
146,346,3.5,
146,77,4.5,
146,71,1.5,
146,348,1.5,
146,389,3.5,
146,251,3.5,
146,388,4.5,
146,193,2.5,
146,198,4.0,
146,110,3.0,
146,169,4.0,
146,209,1.5,
146,294,3.0,
146,263,4.0,
146,129,3.0,
146,111,3.5,
146,176,3.5,
146,230,3.5,
146,327,2.5,
146,253,3.0,
146,356,4.0,
146,102,4.0,
146,249,3.5,
146,206,3.0,
146,363,3.5,
146,357,4.0,
146,204,3.5,
146,98,2.5,
147,46,3.0,
147,227,3.0,
147,297,3.5,
147,350,5.0,
147,303,3.0,
147,36,3.0,
147,345,2.5,
147,266,4.5,
147,290,4.5,
147,12,4.5,
147,277,5.0,
147,147,3.5,
147,225,3.0,
147,367,4.0,
147,247,4.5,
147,101,4.0,
147,168,3.5,
147,28,5.0,
147,73,4.0,
147,344,4.0,
147,78,4.0,
147,167,3.5,
147,3,3.0,
147,370,4.5,
147,293,2.0,
147,162,3.5,
147,189,3.5,
147,373,3.0,
147,164,3.5,
147,314,4.5,
147,377,4.0,
147,280,3.5,
147,1,4.5,
147,305,4.0,
147,320,3.0,
147,238,3.5,
147,177,3.0,
147,260,3.5,
147,245,3.5,
147,40,4.0,
147,309,5.0,
147,13,2.5,
147,387,2.5,
147,244,5.0,
147,310,4.5,
147,389,5.0,
147,37,3.5,
147,136,4.5,
147,154,4.0,
147,381,4.5,
148,275,4.5,
148,197,2.5,
148,41,4.5,
148,254,2.5,
148,203,4.5,
148,32,4.0,
148,18,2.0,
148,35,4.0,
148,175,4.5,
148,107,4.5,
148,133,3.0,
148,315,3.5,
148,233,4.0,
148,23,4.0,
148,9,4.0,
148,13,3.0,
148,238,4.5,
148,161,4.5,
148,360,3.5,
148,344,3.0,
148,198,3.0,
148,154,4.5,
148,370,4.5,
148,117,3.5,
148,46,3.5,
148,385,2.0,
148,262,3.5,
148,228,2.5,
148,340,3.5,
148,178,4.5,
148,185,3.0,
148,90,4.0,
148,135,4.5,
148,221,4.0,
148,176,3.0,
148,1,3.5,
148,45,4.5,
148,10,4.0,
148,63,3.5,
148,38,4.5,
148,139,4.0,
148,116,2.5,
148,143,4.0,
148,215,4.5,
148,219,2.5,
148,206,2.0,
148,163,2.5,
148,43,3.5,
148,126,4.5,
148,282,3.0,
148,356,4.0,
148,187,1.5,
149,383,4.0,
149,267,4.0,
149,133,5.0,
149,198,4.0,
149,30,3.0,
149,43,3.5,
149,153,3.5,
149,279,4.5,
149,60,5.0,
149,268,4.5,
149,90,3.0,
149,144,4.0,
149,119,4.5,
149,191,3.0,
149,80,4.5,
149,29,4.5,
149,276,4.0,
149,187,4.5,
149,218,3.5,
149,252,3.0,
149,70,4.5,
149,4,4.0,
149,347,3.5,
149,197,4.0,
149,293,4.0,
149,283,3.5,
149,124,4.0,
149,213,5.0,
149,49,3.0,
149,307,3.0,
149,143,4.5,
149,224,4.5,
149,251,5.0,
149,58,5.0,
149,86,4.5,
149,152,3.0,
149,340,4.0,
149,305,3.5,
149,101,4.0,
149,204,3.0,
149,177,4.0,
149,1,4.5,
149,81,4.0,
149,316,4.0,
149,238,4.5,
149,192,3.0,
149,241,4.0,
149,189,3.5,
149,275,4.5,
149,200,4.5,
149,103,3.5,
149,59,4.5,
149,362,5.0,
149,269,4.0,
149,174,3.5,
149,239,3.0,
149,324,2.0,
149,116,4.5,
149,178,2.5,
149,374,3.0,
149,318,4.0,
149,272,4.0,
149,172,5.0,
149,114,4.0,
149,142,3.5,
149,266,3.5,
149,14,2.5,
149,82,5.0,
149,28,4.5,
149,190,4.0,
149,210,5.0,
149,65,4.5,
149,285,4.0,
149,358,3.5,
149,330,4.0,
149,207,2.5,
149,199,4.5,
150,64,2.0,
150,251,3.5,
150,290,3.5,
150,349,4.0,
150,217,3.5,
150,17,2.0,
150,85,4.0,
150,362,2.5,
150,203,2.5,
150,40,3.5,
150,25,3.0,
150,381,3.0,
150,369,3.0,
150,170,3.0,
150,175,4.5,
150,47,3.5,
150,277,3.5,
150,336,4.0,
150,284,3.5,
150,49,3.0,
150,225,4.0,
150,324,3.0,
150,282,2.5,
150,292,4.0,
150,146,3.5,
150,351,3.5,
150,44,3.0,
150,173,4.0,
150,75,2.5,
150,388,2.0,
150,113,3.0,
150,387,4.0,
150,306,4.5,
150,265,4.0,
150,13,2.5,
150,9,2.5,
150,88,4.5,
150,89,4.0,
150,281,4.0,
150,218,4.0,
150,135,3.5,
150,130,3.5,
150,286,3.5,
150,254,4.0,
150,341,3.5,
150,128,2.0,
150,272,4.0,
150,237,4.0,
150,209,3.5,
150,235,4.5,
150,343,3.0,
150,270,2.5,
150,131,4.0,
150,326,3.0,
150,358,5.0,
150,204,3.0,
150,252,3.0,
150,190,3.0,
150,20,3.0,
150,143,3.0,
150,320,3.0,
150,288,3.0,
150,219,2.0,
150,169,4.0,
150,134,3.0,
150,278,3.5,
150,122,2.5,
150,108,2.0,
150,110,3.5,
150,42,4.5,
150,144,4.5,
151,114,3.0,
151,290,4.5,
151,111,3.5,
151,120,4.0,
151,53,3.5,
151,345,4.0,
151,108,3.0,
151,221,4.0,
151,245,3.0,
151,327,3.5,
151,25,4.0,
151,7,4.5,
151,329,4.5,
151,192,4.5,
151,348,2.5,
151,276,5.0,
151,196,3.5,
151,255,3.5,
151,188,4.0,
151,128,3.5,
151,374,4.0,
151,322,4.5,
151,176,3.5,
151,13,3.5,
151,23,4.0,
151,95,4.5,
151,323,3.5,
151,296,3.5,
151,165,3.0,
151,82,3.0,
151,34,3.0,
151,266,3.5,
151,61,5.0,
151,239,4.5,
151,97,5.0,
151,237,3.0,
151,161,2.5,
151,358,4.0,
151,335,5.0,
151,106,3.5,
151,152,4.0,
151,353,2.5,
152,213,3.0,
152,382,4.5,
152,167,2.5,
152,94,4.0,
152,370,3.5,
152,334,1.5,
152,246,3.0,
152,3,3.5,
152,219,3.0,
152,130,3.0,
152,266,2.5,
152,88,2.5,
152,115,3.0,
152,102,4.5,
152,46,2.5,
152,96,2.5,
152,188,3.0,
153,89,3.5,
153,31,3.5,
153,8,3.5,
153,141,4.5,
153,114,3.5,
153,12,5.0,
153,316,4.0,
153,22,4.0,
153,184,3.5,
153,96,3.0,
153,187,3.0,
153,229,3.5,
153,264,4.0,
153,279,3.0,
153,160,3.0,
153,258,2.5,
153,259,4.0,
153,70,2.5,
153,91,3.5,
153,133,3.5,
153,169,3.5,
153,203,4.5,
153,93,4.5,
153,113,1.5,
153,358,2.0,
153,307,4.0,
153,377,4.5,
153,27,2.5,
153,134,3.5,
153,233,2.0,
153,162,2.0,
153,81,5.0,
153,138,3.5,
153,286,2.0,
153,155,3.0,
153,210,2.5,
153,313,3.0,
153,269,3.0,
153,298,3.5,
153,10,3.5,
153,361,3.0,
153,329,3.0,
153,368,3.5,
153,346,3.0,
153,64,3.0,
153,99,3.5,
153,189,3.5,
153,84,3.0,
153,177,4.0,
153,384,4.0,
153,366,5.0,
154,321,3.0,
154,309,4.0,
154,11,3.5,
154,51,3.5,
154,308,4.5,
154,68,3.0,
154,389,4.0,
154,263,3.5,
154,104,3.0,
154,222,3.0,
154,365,4.5,
154,108,2.0,
154,295,5.0,
154,107,4.5,
154,5,3.5,
154,296,3.0,
154,260,3.5,
154,174,4.0,
154,214,4.5,
154,315,4.0,
154,106,3.5,
154,339,3.5,
154,367,2.0,
154,53,2.0,
154,61,4.5,
154,178,4.0,
154,247,4.0,
154,176,4.0,
154,220,4.0,
154,318,4.0,
154,352,2.5,
154,249,4.0,
154,69,4.0,
154,117,4.5,
154,114,0.5,
154,385,5.0,
154,126,4.0,
154,115,3.5,
154,105,2.5,
154,203,3.0,
155,249,4.0,
155,79,5.0,
155,19,3.5,
155,104,3.5,
155,25,3.5,
155,155,4.0,
155,16,3.5,
155,157,4.0,
155,142,3.5,
155,257,3.0,
155,202,4.0,
155,37,3.0,
155,122,3.0,
155,71,3.5,
155,365,3.0,
155,258,3.5,
155,177,4.5,
155,137,3.0,
155,78,2.5,
155,26,4.0,
155,135,4.5,
155,386,3.5,
155,374,4.5,
155,322,4.0,
155,172,5.0,
156,230,2.5,
156,21,3.0,
156,349,3.5,
156,40,3.5,
156,388,3.5,
156,114,5.0,
156,168,3.0,
156,160,4.5,
156,52,3.5,
156,272,4.0,
156,346,3.5,
156,7,4.5,
156,125,3.0,
156,267,4.0,
156,110,5.0,
156,190,3.5,
156,359,1.5,
156,282,2.5,
156,302,3.5,
156,129,4.0,
156,51,4.5,
156,30,3.5,
156,336,3.0,
156,287,4.0,
156,326,3.5,
156,128,3.5,
156,67,3.0,
156,207,5.0,
156,86,4.0,
156,19,4.5,
156,228,4.0,
156,133,4.5,
156,275,4.5,
156,144,4.5,
156,35,4.0,
156,280,2.5,
156,177,2.5,
156,276,3.0,
156,89,4.5,
156,317,4.0,
156,285,3.5,
156,211,5.0,
156,46,4.5,
156,320,4.0,
156,150,4.0,
156,203,4.0,
156,182,2.5,
156,366,3.5,
156,205,4.0,
156,99,3.5,
156,232,3.0,
156,293,2.0,
156,193,3.0,
156,356,4.5,
156,215,4.0,
156,45,2.5,
156,315,4.0,
156,56,2.5,
156,375,3.5,
156,341,4.5,
156,250,3.5,
156,217,2.5,
156,117,1.5,
156,235,3.0,
156,204,3.5,
156,379,4.0,
156,48,3.0,
156,155,3.0,
156,271,3.0,
156,50,3.0,
156,240,5.0,
156,382,4.0,
156,97,3.0,
156,218,2.0,
156,291,3.5,
156,365,5.0,
156,373,4.0,
157,129,5.0,
157,33,3.5,
157,3,4.0,
157,254,3.5,
157,173,3.0,
157,57,4.5,
157,81,3.0,
157,32,3.5,
157,310,5.0,
157,76,4.5,
157,95,3.5,
157,272,4.0,
157,387,4.0,
157,120,2.5,
157,23,4.0,
157,257,4.5,
157,78,3.5,
157,302,4.5,
157,105,4.0,
157,98,4.0,
157,152,3.0,
157,160,4.0,
157,55,5.0,
157,385,3.5,
157,281,3.5,
157,72,4.5,
157,364,4.5,
157,237,4.5,
157,274,3.5,
157,233,4.0,
157,139,5.0,
157,140,3.0,
157,293,2.5,
157,65,4.5,
157,106,4.0,
157,53,3.5,
157,322,3.0,
157,44,3.5,
157,112,4.5,
157,206,4.5,
157,326,4.0,
157,203,3.5,
157,288,1.5,
157,183,4.0,
157,29,4.0,
157,7,3.5,
157,341,5.0,
157,110,3.0,
157,167,5.0,
157,77,4.5,
157,18,3.5,
157,265,2.5,
157,70,5.0,
157,194,3.5,
157,269,5.0,
158,200,4.5,
158,331,2.5,
158,236,4.0,
158,126,4.5,
158,55,3.5,
158,340,3.0,
158,91,4.0,
158,343,3.0,
158,294,4.0,
158,229,4.5,
158,164,4.0,
158,183,4.0,
158,174,4.5,
158,325,4.5,
158,342,3.0,
158,350,2.5,
158,301,4.0,
158,235,4.5,
158,264,2.5,
158,273,4.0,
158,124,4.5,
158,178,3.5,
158,286,5.0,
158,347,5.0,
158,146,3.5,
158,172,3.5,
158,290,3.5,
158,128,4.0,
158,385,3.0,
158,144,2.5,
158,289,2.0,
158,284,4.0,
158,195,5.0,
158,351,2.0,
158,255,3.5,
158,304,3.5,
158,296,3.5,
158,74,5.0,
158,106,3.0,
158,369,2.5,
158,259,3.5,
158,362,3.5,
158,5,2.0,
158,213,4.0,
158,115,3.0,
158,132,4.0,
158,230,3.5,
158,175,3.0,
158,201,4.5,
158,33,3.5,
158,330,4.0,
158,127,4.5,
158,43,4.0,
158,25,4.0,
158,11,3.0,
158,48,3.0,
158,149,4.0,
158,190,3.0,
158,179,4.5,
158,45,3.5,
158,20,4.5,
158,225,3.0,
158,72,3.0,
158,382,5.0,
158,333,3.5,
158,271,4.5,
158,252,2.5,
158,211,3.5,
158,71,5.0,
158,19,2.5,
158,239,5.0,
158,70,4.0,
158,119,3.0,
159,388,3.5,
159,372,3.0,
159,175,3.5,
159,93,3.0,
159,159,0.5,
159,222,2.0,
159,279,3.0,
159,272,4.0,
159,105,2.5,
159,89,4.0,
159,251,2.0,
159,367,3.5,
159,130,3.5,
159,37,3.5,
159,205,2.5,
159,16,2.0,
159,136,4.0,
159,11,2.0,
159,379,2.5,
159,252,4.5,
159,310,3.5,
159,245,3.5,
159,291,4.0,
159,60,4.0,
159,128,3.5,
159,332,2.5,
159,196,5.0,
159,239,3.0,
159,157,3.5,
159,385,3.5,
159,351,3.0,
159,179,3.0,
159,233,4.5,
159,47,2.5,
159,212,3.5,
159,348,4.0,
159,90,3.0,
159,156,3.5,
159,378,4.0,
159,341,3.0,
159,369,1.5,
159,386,4.5,
159,243,2.5,
160,86,3.0,
160,346,3.5,
160,286,4.0,
160,17,2.5,
160,146,3.5,
160,338,4.5,
160,137,2.5,
160,121,4.0,
160,78,2.5,
160,30,3.0,
160,238,2.0,
160,182,3.5,
160,116,3.0,
160,88,2.0,
160,304,3.5,
160,265,4.5,
160,28,4.0,
160,168,4.0,
160,204,4.0,
160,44,3.0,
160,99,3.5,
160,315,5.0,
160,41,3.5,
160,310,3.0,
160,267,4.0,
160,108,3.0,
160,287,3.5,
160,205,4.0,
160,110,3.0,
160,376,1.0,
160,36,3.5,
160,94,4.0,
160,254,5.0,
160,348,4.5,
160,12,3.0,
160,259,4.0,
160,111,3.5,
160,283,4.0,
160,209,3.5,
160,237,4.0,
160,69,5.0,
160,149,5.0,
160,157,2.5,
160,172,2.0,
160,152,3.0,
160,307,3.5,
160,243,3.0,
160,162,4.5,
160,289,3.0,
160,375,2.5,
160,20,4.5,
160,129,4.0,
160,319,3.5,
160,210,2.5,
160,96,4.5,
160,207,3.5,
160,132,3.5,
160,331,4.0,
160,67,4.5,
161,354,3.5,
161,64,2.0,
161,373,2.5,
161,278,4.0,
161,84,2.0,
161,266,3.0,
161,181,2.0,
161,315,2.5,
161,366,3.5,
161,245,3.5,
161,36,4.0,
161,142,5.0,
161,286,3.0,
161,223,3.0,
161,222,4.0,
161,78,4.0,
161,304,3.5,
161,254,3.0,
161,114,4.0,
161,214,2.5,
161,156,2.5,
161,384,3.5,
161,123,5.0,
161,183,3.0,
161,20,3.5,
161,208,2.0,
161,225,2.5,
161,361,3.5,
161,6,3.5,
161,121,5.0,
161,97,2.5,
161,310,3.5,
161,218,3.0,
161,148,3.5,
161,14,3.0,
161,386,2.0,
161,327,3.5,
161,309,2.5,
161,128,3.0,
161,171,3.5,
161,83,3.0,
161,231,1.0,
161,188,2.0,
161,323,3.0,
161,334,5.0,
161,71,2.5,
161,243,3.0,
161,137,4.5,
161,389,4.0,
161,316,3.5,
161,120,3.5,
161,292,1.5,
161,299,2.0,
161,87,2.5,
161,79,3.0,
161,239,4.0,
161,76,3.0,
161,54,2.5,
161,265,3.0,
161,46,4.5,
161,146,3.5,
161,348,4.0,
161,294,3.0,
161,198,1.5,
161,89,3.5,
162,239,2.0,
162,26,3.0,
162,362,4.0,
162,202,3.5,
162,189,2.5,
162,292,1.5,
162,15,3.0,
162,364,3.0,
162,108,3.0,
162,35,2.0,
162,295,3.5,
162,34,1.5,
162,267,3.0,
162,167,3.0,
162,251,3.5,
162,136,4.0,
162,4,1.5,
162,17,3.5,
162,137,4.0,
162,283,3.5,
162,310,2.5,
162,334,4.0,
162,151,2.5,
162,129,2.5,
162,51,3.0,
162,379,3.0,
162,187,4.0,
162,353,2.5,
162,344,3.5,
162,270,2.0,
162,230,4.0,
162,349,3.5,
162,266,1.5,
162,147,4.0,
162,357,3.5,
163,3,4.0,
163,290,4.0,
163,333,3.5,
163,116,4.0,
163,334,4.0,
163,63,4.0,
163,256,5.0,
163,79,3.5,
163,100,3.0,
163,283,4.0,
163,277,3.0,
163,215,3.0,
163,43,3.0,
163,370,2.5,
163,252,3.0,
163,303,5.0,
163,387,4.5,
163,124,4.0,
163,70,3.0,
163,12,2.5,
163,193,3.5,
163,202,4.5,
163,316,3.5,
163,162,4.5,
163,94,3.5,
163,200,3.5,
163,268,4.5,
163,172,3.0,
163,356,4.0,
163,374,4.0,
163,165,3.5,
163,91,5.0,
163,299,4.5,
163,83,2.5,
163,96,3.5,
163,118,3.5,
163,286,3.5,
163,241,3.0,
163,287,3.0,
163,29,3.5,
163,47,4.0,
163,381,3.0,
163,294,3.0,
163,204,2.5,
163,88,4.0,
163,86,3.5,
163,354,3.5,
163,351,4.5,
163,298,2.0,
163,119,4.0,
163,60,5.0,
163,266,2.0,
163,184,2.5,
163,179,2.5,
163,289,3.0,
163,353,4.5,
163,232,3.5,
163,84,5.0,
163,67,3.5,
164,229,3.5,
164,41,4.0,
164,299,3.0,
164,365,3.0,
164,45,3.5,
164,40,3.5,
164,347,4.5,
164,332,4.0,
164,75,5.0,
164,167,4.0,
164,119,4.5,
164,127,4.0,
164,38,5.0,
164,247,3.5,
164,387,4.0,
164,277,3.0,
164,191,4.5,
164,20,3.5,
164,24,4.5,
164,198,4.0,
164,66,3.0,
164,279,4.0,
164,62,3.5,
164,52,2.5,
164,101,4.0,
164,324,5.0,
164,72,3.0,
164,89,1.5,
164,145,5.0,
164,7,2.5,
164,241,5.0,
164,161,5.0,
165,138,2.5,
165,269,3.5,
165,67,2.5,
165,334,3.5,
165,35,3.0,
165,262,3.5,
165,166,3.0,
165,268,3.5,
165,124,4.0,
165,76,2.5,
165,122,3.5,
165,241,2.5,
165,248,3.5,
165,389,3.5,
165,167,3.5,
165,310,3.5,
166,275,4.5,
166,377,4.5,
166,1,3.5,
166,213,3.0,
166,28,3.5,
166,204,3.0,
166,89,4.5,
166,338,4.0,
166,117,3.5,
166,137,3.5,
166,18,4.5,
166,108,3.5,
166,130,3.5,
166,60,5.0,
166,310,3.5,
166,159,4.5,
166,316,4.5,
166,139,2.5,
166,339,3.5,
166,311,4.5,
166,127,4.0,
166,284,3.0,
166,246,4.5,
166,219,3.5,
166,56,4.5,
166,364,5.0,
166,136,4.5,
166,331,4.5,
166,352,4.0,
166,234,3.0,
166,324,5.0,
166,151,3.5,
166,360,4.0,
166,205,5.0,
166,73,3.5,
166,355,5.0,
167,151,3.5,
167,208,3.0,
167,228,3.5,
167,91,3.0,
167,77,4.0,
167,260,4.5,
167,241,2.5,
167,284,3.5,
167,41,2.0,
167,341,2.5,
167,186,3.5,
167,280,3.0,
167,315,2.5,
167,115,3.5,
167,306,4.0,
167,103,2.0,
167,247,4.5,
167,174,3.5,
167,96,3.5,
167,258,3.5,
167,360,4.5,
167,368,4.0,
167,254,3.0,
167,211,4.0,
167,296,2.5,
167,328,3.0,
168,379,3.5,
168,273,3.5,
168,287,3.0,
168,207,3.0,
168,50,3.5,
168,257,5.0,
168,182,3.0,
168,292,4.0,
168,295,4.5,
168,229,2.5,
168,34,2.5,
168,61,3.0,
168,35,3.0,
168,255,3.5,
168,16,2.5,
169,364,3.5,
169,322,2.0,
169,261,4.0,
169,230,3.5,
169,44,4.0,
169,332,3.5,
169,347,3.0,
169,147,4.0,
169,212,3.0,
169,225,3.0,
169,199,2.0,
169,209,3.0,
169,104,2.5,
169,127,2.5,
169,49,2.5,
169,43,3.5,
169,344,2.5,
169,57,2.0,
169,134,1.5,
169,200,3.5,
169,179,3.5,
169,168,2.5,
169,155,3.0,
169,370,4.0,
169,269,3.0,
169,233,3.5,
169,19,3.5,
170,257,3.5,
170,364,3.5,
170,235,3.5,
170,18,5.0,
170,192,5.0,
170,121,3.5,
170,268,4.0,
170,214,4.5,
170,368,3.0,
170,220,3.5,
170,237,5.0,
170,216,3.0,
170,377,3.5,
170,360,4.0,
170,333,3.5,
170,97,3.0,
170,345,3.5,
170,74,2.5,
170,378,4.5,
170,1,4.0,
170,215,3.0,
170,348,3.5,
170,323,2.0,
170,279,3.0,
170,349,2.5,
170,140,5.0,
170,219,4.0,
170,188,4.0,
170,103,3.0,
171,307,4.0,
171,12,3.5,
171,16,5.0,
171,75,3.0,
171,347,3.5,
171,124,3.0,
171,357,3.0,
171,276,3.5,
171,73,4.0,
171,56,4.0,
171,151,4.0,
171,76,4.0,
171,262,4.0,
171,91,3.5,
171,110,3.0,
171,72,3.0,
171,274,4.5,
171,256,3.0,
171,46,4.0,
172,32,5.0,
172,179,4.0,
172,219,2.0,
172,302,2.5,
172,8,4.0,
172,139,2.5,
172,167,4.0,
172,92,3.0,
172,323,4.5,
172,51,4.0,
172,263,2.5,
172,376,4.5,
172,171,5.0,
172,230,3.0,
172,389,3.0,
172,41,4.0,
172,119,4.5,
172,262,5.0,
172,77,4.5,
172,253,5.0,
172,339,4.0,
172,89,4.0,
172,245,3.5,
172,126,3.5,
172,301,4.0,
172,142,3.5,
172,175,1.5,
172,47,3.0,
172,135,4.5,
172,312,4.0,
172,206,4.0,
172,211,3.0,
172,172,4.0,
172,222,5.0,
172,363,5.0,
172,238,4.0,
172,289,3.0,
172,338,5.0,
172,314,4.5,
172,378,2.5,
172,134,2.5,
172,40,2.5,
172,15,3.5,
172,367,4.5,
172,117,4.5,
172,128,4.0,
172,279,3.5,
172,204,5.0,
172,298,4.0,
172,333,3.5,
172,304,3.5,
172,148,5.0,
172,221,4.5,
172,145,3.0,
172,121,3.0,
172,359,2.5,
172,196,3.5,
172,150,2.5,
172,370,3.0,
172,266,4.5,
172,256,4.5,
172,228,5.0,
172,259,2.5,
172,275,3.0,
172,163,3.5,
172,388,5.0,
172,129,4.0,
172,178,5.0,
172,345,4.5,
172,58,3.5,
172,151,4.0,
172,107,2.5,
172,328,2.0,
172,242,4.0,
172,236,4.0,
172,343,5.0,
172,24,2.5,
172,379,4.0,
173,82,4.0,
173,16,3.0,
173,367,2.5,
173,226,4.0,
173,167,4.0,
173,206,3.5,
173,47,4.5,
173,125,3.5,
173,165,3.5,
173,156,3.0,
173,32,3.0,
173,364,4.0,
173,3,3.5,
173,265,4.5,
173,275,1.5,
173,55,4.5,
173,281,4.0,
173,116,3.5,
173,277,3.0,
173,329,2.5,
173,362,4.5,
173,175,4.0,
173,299,4.0,
173,178,3.5,
173,339,4.5,
173,342,3.5,
173,284,3.5,
173,200,3.5,
173,150,3.5,
173,89,5.0,
173,62,3.0,
173,54,2.0,
173,135,2.5,
173,192,4.5,
173,162,3.5,
173,313,2.5,
173,117,4.0,
173,29,3.5,
173,103,4.5,
173,131,4.5,
173,246,5.0,
173,23,3.0,
173,242,2.5,
173,257,4.5,
173,379,4.5,
173,248,3.0,
173,235,3.0,
173,314,4.0,
173,179,5.0,
173,244,3.0,
173,365,4.0,
173,245,2.5,
173,51,3.5,
173,252,3.5,
173,328,5.0,
173,35,3.0,
173,380,4.5,
173,202,3.0,
173,39,4.0,
173,180,5.0,
173,330,5.0,
173,28,5.0,
173,377,4.0,
173,59,3.5,
174,187,2.5,
174,47,4.0,
174,96,2.5,
174,348,3.5,
174,24,2.5,
174,64,3.5,
174,168,3.0,
174,172,3.5,
174,124,3.0,
174,100,3.5,
174,138,4.0,
174,177,3.5,
174,81,3.0,
174,313,3.0,
174,28,2.0,
174,256,3.5,
174,93,3.5,
174,327,4.5,
174,27,4.5,
174,127,2.5,
174,133,3.5,
174,247,3.0,
174,373,4.0,
174,83,2.5,
174,1,4.0,
174,111,2.5,
174,250,3.0,
174,46,2.5,
174,205,1.5,
174,149,2.5,
174,115,3.0,
174,7,4.5,
174,371,2.5,
174,36,3.0,
174,228,2.0,
174,153,4.0,
174,162,3.0,
174,369,3.0,
174,334,3.0,
174,13,1.5,
174,109,2.0,
174,259,2.5,
174,164,3.5,
174,44,1.0,
174,70,3.5,
174,200,3.5,
174,273,2.0,
174,129,3.0,
175,305,3.5,
175,1,3.5,
175,214,2.5,
175,378,2.5,
175,21,4.5,
175,290,3.0,
175,384,3.5,
175,82,3.5,
175,15,2.0,
175,352,4.0,
175,108,2.5,
175,316,2.5,
175,268,3.5,
175,292,1.5,
175,197,2.0,
175,67,4.0,
175,205,4.0,
175,203,2.5,
175,216,4.0,
175,152,4.5,
175,166,2.0,
175,287,3.5,
175,308,3.0,
175,252,1.5,
175,234,2.0,
175,144,3.5,
175,242,2.5,
175,319,4.0,
175,373,3.5,
175,65,5.0,
175,389,2.0,
175,323,4.5,
175,241,4.0,
175,97,3.0,
175,107,4.5,
175,55,3.0,
175,383,4.5,
175,105,2.5,
175,24,3.5,
175,246,3.0,
175,348,2.0,
175,204,2.5,
175,207,3.5,
175,140,3.0,
175,365,3.5,
175,358,2.5,
175,273,2.5,
175,87,3.0,
175,221,3.5,
175,141,3.0,
175,66,3.0,
175,336,4.0,
175,249,3.5,
175,324,3.5,
175,129,3.0,
175,185,2.5,
175,143,2.0,
175,134,3.0,
175,157,3.5,
175,253,4.0,
175,339,3.0,
175,353,2.5,
175,250,2.0,
175,263,3.5,
175,7,4.0,
175,83,2.0,
175,198,4.0,
175,331,2.5,
175,192,2.5,
175,189,4.0,
175,270,3.0,
176,56,3.5,
176,224,4.5,
176,260,4.5,
176,258,3.0,
176,32,3.5,
176,209,2.5,
176,115,3.5,
176,67,3.5,
176,336,3.0,
176,206,4.0,
176,195,4.0,
176,238,4.5,
176,253,4.0,
176,172,2.0,
176,12,3.5,
176,369,4.0,
176,380,3.5,
176,328,4.0,
176,302,4.5,
176,313,2.5,
176,130,4.0,
176,145,4.0,
176,176,5.0,
176,219,3.0,
176,332,4.5,
176,88,3.5,
176,81,3.5,
176,53,3.5,
176,272,5.0,
176,162,3.0,
176,169,3.5,
176,256,4.5,
176,306,5.0,
176,212,2.5,
176,366,4.5,
176,267,3.5,
176,299,4.0,
176,83,3.0,
176,134,4.5,
176,352,3.0,
176,143,4.5,
176,240,3.5,
176,192,2.5,
177,319,4.5,
177,29,4.0,
177,114,3.5,
177,106,4.0,
177,325,3.5,
177,184,4.0,
177,116,3.5,
177,108,3.5,
177,228,5.0,
177,342,3.5,
177,50,3.5,
177,223,4.0,
177,334,4.0,
177,137,4.0,
177,359,2.5,
177,326,4.0,
177,145,4.0,
177,324,4.5,
177,117,4.5,
177,141,4.5,
177,53,3.0,
177,212,3.0,
177,88,4.0,
177,27,4.5,
177,193,3.5,
177,37,3.0,
177,313,2.5,
177,224,4.0,
177,376,3.5,
177,289,3.5,
177,138,4.5,
177,59,3.5,
177,128,3.5,
177,262,4.5,
177,13,5.0,
177,52,3.5,
177,343,3.0,
177,183,3.0,
177,302,4.0,
177,197,3.0,
177,265,3.5,
177,330,3.5,
177,190,5.0,
177,253,4.5,
177,361,2.5,
177,283,5.0,
177,251,2.5,
177,379,4.0,
177,98,3.0,
177,219,3.5,
177,233,3.0,
177,203,5.0,
178,386,3.5,
178,143,3.5,
178,316,3.5,
178,358,2.0,
178,6,3.0,
178,99,3.0,
178,225,4.0,
178,237,3.0,
178,300,3.5,
178,126,2.0,
178,302,4.5,
178,212,4.0,
178,262,3.5,
178,98,3.0,
178,129,4.0,
178,271,3.0,
178,145,3.0,
178,249,3.5,
178,377,4.5,
178,8,3.0,
178,284,4.0,
179,96,3.0,
179,185,3.5,
179,202,3.5,
179,309,3.5,
179,27,3.0,
179,259,3.0,
179,257,4.0,
179,49,4.0,
179,9,3.0,
179,287,3.5,
179,189,2.5,
179,326,4.0,
179,72,4.0,
179,180,4.5,
179,74,4.0,
179,103,3.5,
179,305,5.0,
179,162,3.5,
179,80,4.0,
179,233,2.0,
179,331,4.0,
179,64,5.0,
179,205,3.5,
179,166,4.0,
179,312,4.5,
179,168,5.0,
179,313,4.0,
179,258,2.0,
179,93,3.5,
179,132,4.0,
179,379,4.0,
179,213,3.5,
179,295,3.0,
179,240,3.0,
179,19,3.5,
179,350,3.5,
179,297,4.0,
179,138,3.5,
179,12,3.0,
179,136,2.5,
179,339,3.5,
179,89,3.0,
179,264,4.5,
179,111,4.0,
179,63,3.5,
179,37,3.0,
179,212,2.5,
179,315,3.5,
179,322,3.5,
179,351,2.0,
179,387,4.0,
179,334,3.5,
179,335,1.5,
179,288,2.5,
179,192,3.0,
179,16,2.5,
180,21,4.0,
180,276,5.0,
180,51,2.5,
180,231,3.5,
180,117,4.0,
180,280,5.0,
180,306,4.0,
180,254,3.5,
180,17,4.0,
180,148,4.5,
180,147,5.0,
180,366,5.0,
180,159,2.5,
180,233,3.0,
180,328,4.5,
180,207,4.0,
180,156,4.0,
180,208,3.5,
180,85,4.0,
180,223,3.5,
180,260,4.0,
180,87,4.5,
180,155,4.0,
180,184,4.0,
180,249,3.5,
180,165,5.0,
180,338,4.5,
180,263,4.0,
180,31,4.5,
180,140,5.0,
180,232,3.0,
180,329,3.5,
180,177,4.0,
180,199,4.0,
180,234,3.5,
180,346,4.5,
180,9,4.0,
180,112,4.5,
180,316,3.5,
180,382,3.0,
180,16,3.5,
180,253,3.5,
180,200,3.0,
180,363,4.0,
180,54,3.5,
180,93,5.0,
180,171,4.0,
180,273,4.0,
180,7,3.0,
180,128,4.5,
180,72,3.0,
180,237,4.5,
180,151,2.5,
180,42,4.0,
180,219,4.5,
180,326,4.0,
180,319,3.5,
180,339,5.0,
180,358,3.0,
180,385,3.0,
180,80,3.0,
180,204,3.0,
180,174,4.0,
180,185,3.5,
180,67,4.5,
180,157,4.0,
180,182,4.0,
180,309,2.5,
180,38,4.5,
180,94,5.0,
180,142,4.0,
180,132,3.0,
180,193,2.5,
181,57,4.5,
181,349,3.0,
181,340,3.5,
181,21,5.0,
181,14,5.0,
181,346,3.0,
181,309,4.5,
181,84,3.5,
181,39,3.5,
181,107,4.0,
181,381,3.0,
181,129,4.0,
181,233,5.0,
181,198,3.5,
181,377,3.5,
181,241,3.5,
181,181,2.0,
181,298,2.0,
181,52,5.0,
181,27,3.5,
181,46,3.0,
181,128,3.0,
181,56,4.0,
181,144,3.5,
181,221,4.0,
181,364,3.0,
181,204,4.0,
181,151,4.5,
181,124,3.5,
181,185,4.5,
181,261,5.0,
181,103,3.5,
181,99,4.0,
181,297,4.0,
182,328,2.0,
182,140,3.0,
182,28,3.5,
182,198,3.5,
182,184,1.5,
182,210,4.5,
182,76,3.5,
182,247,3.5,
182,272,4.0,
182,273,4.0,
182,229,4.5,
182,239,3.0,
182,205,4.0,
182,383,4.5,
182,147,3.5,
182,240,3.5,
182,144,3.5,
182,206,4.0,
182,202,4.0,
182,190,2.0,
182,77,3.5,
182,213,3.5,
182,226,3.5,
182,321,3.5,
182,384,3.5,
182,167,3.0,
182,44,3.0,
182,11,3.0,
182,252,3.0,
182,332,5.0,
182,225,4.0,
182,84,3.0,
182,132,3.0,
182,61,3.5,
182,83,3.0,
182,72,4.5,
182,377,4.0,
182,351,2.5,
182,31,2.5,
182,138,2.5,
182,158,3.5,
182,281,2.0,
182,238,3.5,
182,368,3.5,
182,2,3.0,
182,188,3.5,
182,116,5.0,
182,242,3.0,
182,105,5.0,
182,317,3.0,
182,376,3.0,
182,112,3.0,
182,380,4.5,
182,111,3.5,
182,183,3.0,
182,220,1.5,
182,134,2.5,
182,38,4.5,
182,120,4.5,
182,322,4.5,
182,154,2.5,
182,203,4.0,
182,286,3.0,
182,307,4.5,
182,363,4.0,
182,297,3.5,
182,18,2.5,
182,41,4.5,
182,218,3.5,
182,299,4.0,
182,152,2.5,
182,310,2.5,
182,314,3.0,
182,117,5.0,
182,388,2.5,
182,227,3.0,
183,78,3.0,
183,162,4.0,
183,381,3.5,
183,205,3.5,
183,310,3.5,
183,304,4.5,
183,14,2.0,
183,305,3.5,
183,368,4.0,
183,85,3.5,
183,135,4.5,
183,224,3.5,
183,266,3.0,
183,80,3.0,
183,5,2.0,
183,63,3.0,
183,171,2.5,
183,124,3.5,
183,228,2.0,
183,83,3.5,
183,299,3.0,
183,99,4.5,
183,273,4.0,
183,243,4.5,
183,176,3.5,
183,286,4.0,
183,95,3.5,
183,246,2.5,
183,345,3.0,
183,186,4.0,
183,201,3.5,
183,57,3.5,
183,51,3.5,
183,69,3.5,
184,57,3.0,
184,214,3.0,
184,3,5.0,
184,63,4.5,
184,381,4.0,
184,322,4.0,
184,138,4.0,
184,159,5.0,
184,333,3.0,
184,104,4.5,
184,201,4.5,
184,242,3.0,
184,204,3.0,
184,49,2.5,
184,291,3.0,
184,178,4.5,
184,360,3.5,
184,283,4.5,
184,168,4.5,
184,253,3.5,
184,195,3.0,
184,359,4.0,
184,8,2.0,
184,94,4.5,
184,111,2.0,
184,89,2.5,
184,324,3.5,
184,105,3.0,
184,181,2.5,
184,238,4.0,
185,216,2.5,
185,35,3.0,
185,95,4.5,
185,241,3.0,
185,224,3.0,
185,47,5.0,
185,132,5.0,
185,199,4.0,
185,77,4.0,
185,180,3.5,
185,14,4.0,
185,115,3.0,
185,136,5.0,
185,141,4.0,
185,98,3.5,
185,373,4.0,
185,171,3.5,
185,265,4.0,
185,172,3.5,
185,21,5.0,
185,314,3.5,
185,168,4.5,
185,332,5.0,
185,315,1.5,
185,31,3.5,
185,317,5.0,
185,239,2.0,
185,34,4.5,
185,67,4.0,
185,197,5.0,
185,338,3.5,
185,319,4.0,
185,131,3.0,
186,249,3.0,
186,156,2.5,
186,273,4.0,
186,70,5.0,
186,118,4.0,
186,333,4.0,
186,38,3.0,
186,368,2.5,
186,220,3.0,
186,29,3.0,
186,166,2.5,
186,370,3.5,
186,200,2.5,
186,389,4.0,
186,306,3.0,
186,196,3.5,
186,357,3.5,
186,128,3.0,
186,371,4.5,
186,381,2.0,
186,77,4.5,
186,248,3.0,
186,194,4.0,
186,228,3.5,
186,217,4.0,
186,327,3.5,
186,161,3.5,
186,366,4.5,
186,191,3.5,
186,379,4.5,
186,314,3.5,
186,94,3.0,
186,87,3.0,
186,384,4.0,
186,39,2.5,
186,115,4.0,
186,124,3.0,
186,201,2.5,
186,356,3.5,
186,153,3.0,
186,319,3.0,
186,135,3.0,
186,140,3.5,
186,279,3.0,
186,218,3.5,
186,122,4.0,
186,111,4.0,
186,106,5.0,
186,260,5.0,
186,291,3.0,
186,90,2.5,
186,242,3.0,
186,22,3.5,
186,290,5.0,
186,378,3.0,
186,8,3.5,
186,342,3.0,
186,181,3.0,
186,55,2.5,
186,367,2.0,
186,261,4.5,
187,268,4.0,
187,211,5.0,
187,165,4.0,
187,77,2.5,
187,72,4.5,
187,31,3.5,
187,175,5.0,
187,213,5.0,
187,181,4.0,
187,134,2.5,
187,379,3.5,
187,30,5.0,
187,345,5.0,
187,9,3.5,
187,78,3.5,
187,272,2.5,
187,227,3.0,
187,373,4.0,
187,226,4.0,
187,321,2.5,
187,243,4.5,
187,66,5.0,
187,47,4.0,
187,110,5.0,
187,324,4.0,
187,300,4.0,
187,142,4.0,
187,352,5.0,
187,133,4.0,
187,357,3.5,
187,259,4.0,
187,130,4.0,
187,205,3.5,
187,91,4.5,
187,33,4.0,
187,36,4.5,
187,65,4.0,
187,27,3.0,
187,152,3.0,
187,246,3.0,
187,177,3.5,
187,52,5.0,
187,32,3.5,
187,121,4.0,
187,233,4.5,
187,255,3.5,
187,153,3.5,
187,335,4.5,
187,117,4.0,
187,114,3.0,
187,103,3.5,
187,302,4.0,
187,323,4.0,
187,339,4.5,
187,14,4.0,
187,89,3.0,
187,190,3.0,
187,141,4.0,
187,172,4.0,
187,354,3.0,
187,367,4.5,
187,368,2.0,
187,279,4.0,
188,349,2.0,
188,97,4.0,
188,313,2.5,
188,331,2.5,
188,46,3.5,
188,94,3.5,
188,96,2.5,
188,5,4.5,
188,165,2.5,
188,70,3.5,
188,98,4.5,
188,22,3.5,
188,241,2.0,
188,357,4.0,
188,89,3.0,
188,237,4.0,
188,389,4.5,
188,173,2.0,
188,263,3.5,
188,301,4.5,
188,229,3.5,
188,95,4.5,
188,162,3.5,
188,35,4.5,
188,288,2.0,
188,80,4.0,
188,47,1.5,
188,303,3.5,
188,79,2.5,
188,11,4.0,
188,252,3.0,
188,29,3.5,
188,36,3.0,
188,234,5.0,
188,226,3.0,
188,149,2.5,
188,146,2.0,
188,242,2.5,
188,257,2.5,
188,151,3.5,
188,350,3.0,
188,244,1.5,
188,277,3.0,
188,198,1.5,
188,38,4.0,
188,73,3.0,
188,264,2.5,
189,285,3.0,
189,69,3.5,
189,14,4.0,
189,78,4.0,
189,86,2.5,
189,87,3.5,
189,11,3.5,
189,16,3.5,
189,56,4.5,
189,60,3.0,
189,288,4.5,
189,197,4.5,
189,270,2.0,
189,184,3.5,
189,7,4.0,
189,201,5.0,
189,116,3.0,
189,259,2.5,
189,107,4.0,
189,161,3.0,
189,2,3.5,
189,228,3.0,
189,281,4.5,
189,338,4.5,
189,55,3.5,
189,219,5.0,
189,379,4.0,
189,269,4.0,
189,309,3.5,
189,346,3.0,
189,235,5.0,
189,333,4.0,
189,37,4.0,
189,232,3.5,
189,345,4.0,
189,212,4.0,
189,148,4.0,
189,363,5.0,
189,33,4.0,
189,302,3.0,
189,242,4.0,
189,109,3.5,
189,295,3.0,
189,385,3.0,
189,154,4.5,
189,377,3.0,
189,370,3.0,
189,350,4.0,
189,384,3.5,
189,246,3.0,
190,54,4.0,
190,81,3.0,
190,206,2.5,
190,48,4.5,
190,233,4.0,
190,171,4.0,
190,175,4.0,
190,213,5.0,
190,207,4.5,
190,141,4.5,
190,2,3.5,
190,152,3.5,
190,151,4.0,
190,129,4.5,
190,215,3.5,
190,225,3.5,
190,340,4.5,
190,385,5.0,
190,328,2.0,
190,280,4.5,
190,44,3.5,
190,268,4.5,
190,227,3.5,
190,204,3.5,
190,60,4.0,
190,21,2.5,
190,252,3.0,
190,9,3.5,
190,111,4.0,
190,267,5.0,
190,156,4.5,
190,12,3.5,
190,220,3.0,
190,294,4.0,
190,162,4.0,
190,110,3.5,
190,22,3.5,
190,132,4.5,
190,228,4.0,
190,40,4.0,
190,23,4.0,
190,79,5.0,
190,125,2.5,
190,184,4.0,
190,306,2.5,
190,283,3.5,
190,196,2.5,
190,113,4.0,
190,78,2.0,
190,179,2.5,
190,242,4.0,
190,341,4.0,
190,374,5.0,
190,310,5.0,
190,212,2.5,
190,300,3.5,
190,248,3.5,
190,176,4.5,
190,95,3.5,
190,137,2.5,
190,247,4.5,
190,142,3.5,
190,241,5.0,
191,22,3.5,
191,122,4.0,
191,166,2.5,
191,158,4.0,
191,305,3.0,
191,368,4.5,
191,151,5.0,
191,384,3.5,
191,89,4.0,
191,273,4.5,
191,87,4.0,
191,108,3.5,
191,44,3.5,
191,201,2.5,
191,30,3.0,
191,251,3.0,
191,100,3.5,
191,91,2.0,
191,173,3.0,
191,33,3.0,
191,159,2.0,
191,114,3.5,
191,208,4.0,
191,346,3.5,
191,80,2.5,
191,111,3.5,
191,194,4.0,
191,362,4.0,
191,128,3.5,
191,133,3.5,
191,183,3.0,
191,327,4.0,
191,317,3.0,
191,1,2.5,
191,147,4.0,
191,314,3.5,
191,7,3.5,
191,196,4.0,
191,360,3.5,
191,6,2.5,
191,289,3.0,
191,135,2.0,
191,330,4.5,
191,309,2.5,
191,281,5.0,
191,315,2.5,
191,296,4.0,
191,386,5.0,
191,234,3.5,
191,181,3.0,
191,198,3.5,
191,72,2.5,
191,276,1.5,
191,336,4.0,
191,323,1.5,
191,249,2.0,
191,121,3.5,
191,335,3.0,
191,367,3.5,
191,192,4.5,
191,248,3.0,
191,270,3.0,
191,389,5.0,
191,193,4.0,
191,157,4.0,
191,246,4.0,
191,140,3.0,
191,338,3.0,
191,225,2.5,
191,388,4.0,
191,11,3.5,
191,231,4.0,
191,220,2.0,
191,217,4.0,
191,345,3.0,
191,263,1.5,
191,256,2.5,
191,125,3.0,
191,383,3.0,
192,342,3.0,
192,6,3.5,
192,233,4.0,
192,230,3.5,
192,183,4.0,
192,71,4.0,
192,131,5.0,
192,242,4.5,
192,147,5.0,
192,274,3.0,
192,134,4.5,
192,86,5.0,
192,311,4.0,
192,12,4.0,
192,369,3.5,
192,350,4.0,
192,371,2.5,
192,385,4.5,
192,267,4.0,
192,373,2.5,
192,100,4.5,
192,121,5.0,
192,357,4.0,
192,137,4.0,
192,125,3.0,
192,343,3.0,
192,15,4.0,
192,252,2.5,
192,313,3.5,
192,81,3.0,
192,256,3.5,
192,293,4.5,
192,74,4.0,
192,383,4.5,
192,247,4.0,
192,320,4.5,
192,362,3.5,
192,341,5.0,
192,154,3.5,
192,109,4.0,
192,76,2.5,
192,380,4.5,
192,38,2.5,
192,17,4.5,
192,160,3.5,
192,272,3.0,
192,296,4.0,
192,180,3.0,
192,175,4.5,
192,344,3.5,
192,263,4.0,
192,196,3.5,
192,250,2.5,
192,374,4.0,
192,149,3.5,
192,142,3.5,
192,30,3.5,
192,189,5.0,
193,180,2.5,
193,79,2.0,
193,124,3.0,
193,185,5.0,
193,177,2.5,
193,279,3.5,
193,130,3.0,
193,207,3.5,
193,34,5.0,
193,187,1.5,
193,255,2.5,
193,365,4.5,
193,380,3.5,
193,333,3.0,
193,163,3.0,
193,37,2.0,
193,374,3.5,
193,8,3.5,
193,345,3.5,
193,155,3.0,
193,262,3.5,
193,137,2.5,
193,58,3.0,
193,9,3.5,
193,170,3.0,
193,110,3.5,
193,175,3.0,
193,96,3.5,
193,253,3.0,
193,73,3.5,
193,311,4.0,
193,366,3.0,
193,318,3.0,
193,183,3.0,
193,342,3.0,
193,72,4.5,
193,66,4.0,
193,161,3.5,
193,238,3.0,
193,61,4.5,
193,188,4.5,
194,194,2.0,
194,42,3.5,
194,365,4.0,
194,149,3.5,
194,23,3.5,
194,4,2.5,
194,203,1.5,
194,31,4.0,
194,232,3.0,
194,372,3.0,
194,103,1.5,
194,123,4.5,
194,162,3.0,
194,310,1.5,
194,341,5.0,
194,56,3.0,
194,110,3.5,
194,144,5.0,
194,183,3.0,
194,230,3.0,
194,246,2.5,
194,337,4.0,
194,16,2.0,
194,251,4.5,
194,253,4.0,
194,387,2.5,
194,108,3.0,
194,360,4.5,
194,28,1.5,
194,137,3.0,
194,168,3.0,
194,89,3.0,
194,342,1.0,
194,343,3.0,
194,299,1.5,
194,339,3.5,
194,201,3.5,
194,101,4.5,
194,276,4.5,
194,321,3.0,
194,235,4.0,
194,295,4.0,
194,48,3.5,
194,161,3.0,
194,322,4.5,
194,271,3.5,
194,10,1.5,
194,363,3.5,
194,326,2.5,
194,139,5.0,
194,177,2.5,
194,290,3.0,
194,59,4.0,
194,213,5.0,
194,237,3.0,
194,348,2.5,
194,55,2.5,
194,192,2.0,
194,22,3.5,
194,349,3.5,
194,383,2.0,
194,268,3.0,
194,63,3.0,
194,291,2.5,
194,266,3.5,
194,98,2.5,
194,163,4.5,
194,29,2.0,
194,54,3.0,
194,314,1.5,
194,84,3.5,
194,335,3.0,
194,325,3.0,
194,176,2.5,
194,323,4.0,
194,369,4.0,
195,126,3.5,
195,97,3.5,
195,88,2.0,
195,40,2.5,
195,177,2.5,
195,251,1.5,
195,153,3.0,
195,109,3.5,
195,364,4.0,
195,95,3.0,
195,297,2.5,
195,164,3.0,
195,71,3.0,
195,171,3.5,
195,98,3.0,
195,374,4.0,
195,228,3.0,
195,102,4.0,
195,238,3.0,
195,215,2.5,
195,33,3.0,
195,361,3.5,
195,252,2.0,
195,347,3.0,
195,325,4.0,
195,272,3.5,
195,213,2.0,
195,293,3.5,
195,248,2.0,
195,47,3.0,
195,314,4.0,
196,104,4.5,
196,217,4.0,
196,256,4.5,
196,61,3.0,
196,79,3.5,
196,293,3.0,
196,253,2.0,
196,349,4.0,
196,270,3.5,
196,17,3.5,
196,362,4.0,
196,108,2.5,
196,378,2.0,
196,334,4.0,
196,271,3.0,
196,198,3.5,
196,262,2.0,
196,267,4.5,
196,322,4.0,
196,259,3.0,
196,43,5.0,
196,59,2.0,
196,296,3.0,
196,221,4.0,
196,44,4.0,
196,37,2.0,
196,69,3.0,
196,81,4.0,
196,348,4.5,
196,276,4.5,
196,151,4.0,
196,103,3.5,
196,199,3.0,
196,136,3.5,
196,154,4.5,
196,228,3.0,
196,286,3.0,
196,155,4.0,
196,373,4.0,
196,223,3.0,
196,175,2.0,
196,161,2.0,
196,336,3.5,
196,291,2.5,
196,279,4.0,
196,84,2.0,
196,72,4.5,
196,25,3.0,
196,34,2.5,
196,203,3.0,
196,298,2.5,
196,58,4.5,
196,300,4.0,
196,308,3.5,
196,185,2.5,
196,316,3.0,
196,310,2.5,
197,22,1.0,
197,190,3.5,
197,283,3.5,
197,316,2.5,
197,290,4.0,
197,386,3.0,
197,175,4.5,
197,359,3.5,
197,227,3.0,
197,334,3.0,
197,155,2.0,
197,230,4.5,
197,85,3.0,
197,96,2.0,
197,272,4.0,
197,39,2.5,
197,254,3.5,
197,238,3.0,
197,23,3.5,
197,28,2.0,
197,228,3.5,
197,163,2.5,
197,244,2.0,
197,44,3.5,
197,216,3.0,
197,375,2.5,
197,307,3.0,
197,77,3.5,
197,55,3.0,
197,324,3.5,
197,226,3.0,
197,98,4.0,
197,203,2.0,
197,260,2.0,
197,251,3.5,
197,101,4.0,
197,341,3.5,
197,59,4.0,
197,199,4.0,
197,206,3.5,
197,120,1.5,
197,45,3.0,
197,14,3.0,
197,69,3.5,
197,129,3.5,
197,57,2.0,
197,266,2.0,
197,312,1.5,
197,370,4.5,
197,4,3.5,
197,97,3.0,
197,277,3.5,
197,194,3.5,
197,326,4.0,
197,140,1.5,
197,284,2.5,
197,221,3.5,
197,43,3.0,
197,105,3.5,
197,363,2.0,
197,224,3.0,
197,24,3.0,
197,271,3.5,
197,388,3.5,
198,107,3.0,
198,303,2.5,
198,297,2.0,
198,176,4.0,
198,307,4.0,
198,20,3.5,
198,209,4.0,
198,186,3.5,
198,215,3.5,
198,290,3.5,
198,125,3.5,
198,367,5.0,
198,370,4.5,
198,284,2.5,
198,88,4.0,
198,344,3.5,
198,134,5.0,
198,59,4.5,
198,48,3.5,
198,211,3.5,
198,25,2.5,
198,359,4.0,
198,227,4.5,
198,73,3.5,
198,140,4.0,
198,357,3.5,
198,152,4.5,
198,194,2.5,
198,389,2.5,
198,91,4.5,
198,43,2.5,
198,241,3.0,
198,149,3.5,
198,202,4.0,
198,63,3.5,
198,288,1.0,
198,300,4.0,
198,95,3.5,
198,278,4.5,
198,54,3.0,
198,362,5.0,
199,302,3.5,
199,89,2.0,
199,94,3.5,
199,212,3.5,
199,370,3.5,
199,80,3.5,
199,368,3.5,
199,82,4.0,
199,18,5.0,
199,220,3.5,
199,287,4.0,
199,91,2.5,
199,78,3.5,
199,380,3.0,
199,309,2.5,
199,152,4.0,
199,71,4.0,
199,131,4.0,
199,104,3.5,
199,340,3.0,
199,186,4.5,
199,311,3.5,
199,337,3.0,
199,5,5.0,
199,164,1.5,
199,66,3.5,
199,129,3.5,
199,348,5.0,
199,258,3.5,
199,382,3.0,
199,315,4.0,
199,362,1.0,
199,290,2.0,
199,75,2.0,
199,126,3.5,
199,307,3.5,
199,174,4.5,
199,161,4.0,
199,204,3.0,
199,24,3.5,
199,194,4.0,
199,155,4.0,
199,196,3.0,
199,74,4.0,
199,374,3.5,
199,373,3.0,
199,266,3.5,
199,210,4.5,
199,334,2.5,
199,43,3.0,
199,244,3.5,
200,273,4.5,
200,49,4.0,
200,8,3.0,
200,76,3.0,
200,180,3.5,
200,293,4.5,
200,83,3.0,
200,263,5.0,
200,169,4.0,
200,68,2.5,
200,95,4.0,
200,323,3.5,
200,177,3.0,
200,115,4.5,
200,161,3.5,
200,266,3.5,
200,313,4.0,
200,324,2.5,
200,238,3.5,
200,171,5.0,
200,175,2.0,
200,228,4.0,
200,63,4.0,
200,254,3.5,
200,209,1.5,
200,32,3.5,
200,144,4.0,
200,381,5.0,
200,15,3.0,
200,26,2.5,
200,338,4.0,
200,243,4.0,
200,352,3.0,
200,93,4.5,
201,215,2.5,
201,333,3.5,
201,13,5.0,
201,32,4.0,
201,256,2.0,
201,351,2.5,
201,71,1.5,
201,360,3.0,
201,278,4.5,
201,119,3.5,
201,30,3.0,
201,129,4.5,
201,220,2.5,
201,342,4.0,
201,265,3.0,
201,171,4.0,
201,290,3.0,
201,221,2.5,
201,353,2.0,
201,111,4.0,
201,216,4.0,
201,92,4.0,
201,310,3.5,
201,269,2.0,
201,88,3.5,
201,90,3.5,
201,294,5.0,
202,306,4.0,
202,97,2.0,
202,340,3.0,
202,203,2.5,
202,252,4.5,
202,42,4.5,
202,261,4.0,
202,368,5.0,
202,54,4.0,
202,52,3.5,
202,230,4.0,
202,377,2.5,
202,98,2.5,
202,232,3.5,
202,333,3.0,
202,149,3.0,
202,328,4.5,
202,222,3.0,
202,299,2.0,
202,13,2.0,
202,370,3.5,
202,384,4.5,
202,135,2.0,
202,223,4.0,
202,164,4.5,
202,346,2.5,
202,290,2.5,
202,344,5.0,
202,337,4.5,
202,147,3.0,
202,273,3.5,
202,121,3.5,
202,362,4.0,
203,65,3.0,
203,352,3.0,
203,39,3.5,
203,154,3.5,
203,8,1.5,
203,109,2.5,
203,289,2.0,
203,267,4.0,
203,70,2.5,
203,49,3.5,
203,222,3.5,
203,227,3.0,
203,315,1.5,
203,296,4.0,
203,204,4.5,
203,286,3.0,
203,69,2.5,
203,292,4.5,
203,369,2.5,
203,28,4.0,
203,226,2.0,
203,179,3.5,
203,152,2.0,
203,27,3.5,
203,188,3.0,
203,349,3.0,
203,98,3.0,
203,108,4.0,
203,161,3.0,
203,42,3.5,
203,19,5.0,
203,304,2.0,
203,167,2.5,
203,287,2.0,
203,21,2.0,
203,43,5.0,
203,340,3.0,
203,63,1.0,
203,29,3.0,
203,68,3.0,
203,377,2.5,
203,326,3.0,
203,205,3.5,
203,156,3.0,
203,239,4.0,
203,57,3.0,
203,230,3.0,
203,88,3.0,
203,293,2.0,
203,74,2.5,
203,339,3.5,
203,87,2.5,
203,281,3.5,
203,221,3.0,
203,331,2.5,
203,14,3.5,
203,317,3.5,
203,316,2.0,
203,118,2.0,
203,386,3.5,
203,243,2.5,
203,112,3.5,
203,322,3.5,
203,266,4.0,
203,97,4.5,
203,251,2.5,
203,131,3.0,
203,337,3.0,
203,373,4.5,
203,176,2.0,
203,175,4.5,
204,36,2.0,
204,118,4.0,
204,206,3.0,
204,387,3.0,
204,312,3.0,
204,120,4.0,
204,76,4.0,
204,88,3.5,
204,136,3.0,
204,11,3.0,
204,148,5.0,
204,43,2.5,
204,239,2.5,
204,322,3.5,
204,103,2.5,
204,140,4.0,
204,87,2.0,
204,319,2.5,
204,147,2.5,
204,247,2.0,
204,298,4.0,
204,347,2.0,
204,246,2.5,
204,6,2.5,
204,333,3.5,
204,227,4.0,
204,20,3.5,
204,224,2.0,
204,381,2.5,
204,122,4.5,
204,317,3.0,
204,21,2.0,
204,320,5.0,
204,342,2.5,
204,300,3.0,
204,83,2.5,
204,130,2.5,
204,8,4.0,
204,29,3.0,
204,12,3.5,
204,93,2.0,
204,173,3.0,
204,375,2.5,
204,278,2.5,
204,58,3.5,
204,194,3.0,
204,263,3.5,
204,306,3.5,
204,108,2.5,
204,98,3.5,
204,91,2.5,
204,172,2.5,
204,225,2.0,
204,209,3.0,
204,288,2.5,
204,101,4.0,
205,334,3.0,
205,5,3.5,
205,306,3.5,
205,177,4.0,
205,284,2.5,
205,311,3.0,
205,68,5.0,
205,141,3.5,
205,347,3.5,
205,95,2.0,
205,43,3.5,
205,357,2.0,
205,219,1.5,
205,60,4.0,
205,232,4.0,
205,3,2.0,
205,261,2.5,
205,319,3.0,
205,368,5.0,
205,298,3.5,
205,375,4.0,
205,349,4.5,
205,110,4.5,
205,233,3.5,
205,91,4.0,
205,277,3.5,
205,314,2.0,
205,307,3.5,
205,243,3.0,
205,20,1.0,
205,181,3.0,
205,99,3.0,
205,330,4.0,
205,215,3.5,
205,256,3.0,
205,172,2.5,
205,139,3.5,
205,40,3.5,
206,186,2.0,
206,382,4.5,
206,188,3.0,
206,220,2.5,
206,70,3.0,
206,94,3.5,
206,339,3.0,
206,100,4.0,
206,327,2.5,
206,38,3.5,
206,374,3.0,
206,244,3.5,
206,233,4.5,
206,112,4.0,
206,270,3.5,
206,255,2.5,
206,291,3.5,
206,263,3.0,
206,88,2.0,
206,193,4.0,
206,205,2.5,
206,199,3.5,
206,213,3.5,
206,26,3.0,
206,325,2.5,
206,56,4.0,
206,269,2.5,
206,65,3.0,
206,222,3.5,
206,136,3.5,
206,313,3.5,
206,283,4.5,
206,171,4.0,
206,145,4.0,
206,182,3.0,
206,371,5.0,
206,253,3.0,
206,367,4.0,
206,387,3.5,
206,132,3.0,
206,125,2.5,
206,378,3.5,
206,183,3.0,
206,144,2.5,
206,278,3.0,
206,68,4.0,
206,32,3.0,
206,120,4.0,
206,12,4.0,
206,134,4.0,
206,267,5.0,
206,73,3.0,
206,351,4.0,
206,116,3.5,
206,300,3.5,
206,45,1.5,
206,62,3.0,
206,352,3.0,
206,196,3.5,
206,114,2.5,
206,179,3.5,
206,373,3.0,
206,226,2.5,
206,127,2.0,
206,61,2.5,
206,122,3.0,
206,381,4.0,
206,217,3.5,
206,29,3.5,
206,34,4.0,
207,84,4.0,
207,379,3.0,
207,141,4.5,
207,307,3.5,
207,10,5.0,
207,87,3.0,
207,90,2.0,
207,232,3.5,
207,131,2.5,
207,199,2.5,
207,228,4.5,
207,284,3.5,
207,385,3.0,
207,216,3.5,
207,119,3.5,
207,166,2.0,
207,224,4.0,
207,91,4.0,
207,94,3.0,
207,157,3.5,
207,73,2.5,
207,109,5.0,
207,120,4.0,
207,54,3.0,
207,33,2.5,
207,205,3.0,
207,125,3.0,
207,26,3.5,
207,292,3.0,
207,251,2.0,
207,219,3.0,
207,209,3.0,
207,57,4.0,
207,317,5.0,
207,342,3.5,
208,284,3.0,
208,266,4.0,
208,251,3.0,
208,346,4.0,
208,22,4.5,
208,35,2.5,
208,202,1.0,
208,337,3.5,
208,351,3.0,
208,15,3.5,
208,313,4.5,
208,153,1.5,
208,213,2.5,
208,16,3.5,
208,338,3.0,
208,64,2.5,
208,335,4.0,
208,277,1.0,
208,148,2.0,
208,291,3.5,
208,212,2.5,
208,328,3.5,
208,331,4.5,
208,70,2.0,
208,133,3.0,
208,386,2.0,
208,90,3.5,
208,289,2.5,
208,169,4.5,
208,141,2.5,
208,121,2.5,
208,138,4.0,
208,378,3.0,
208,194,4.0,
208,220,2.0,
208,178,3.0,
208,321,4.0,
208,67,3.0,
208,388,2.0,
208,167,4.5,
208,292,2.0,
208,78,2.5,
208,256,2.0,
208,2,4.0,
208,218,5.0,
208,285,3.0,
208,341,4.5,
208,189,5.0,
208,198,3.0,
208,146,3.0,
208,286,3.0,
208,365,3.0,
208,373,4.5,
208,367,3.0,
208,164,3.0,
208,233,3.0,
208,381,3.5,
208,250,2.5,
208,61,3.0,
208,152,2.5,
208,14,2.5,
208,267,3.5,
208,257,2.5,
208,322,3.0,
208,353,3.0,
208,259,4.0,
208,214,3.0,
208,372,3.5,
208,297,2.0,
208,200,4.0,
208,384,3.5,
208,360,4.0,
208,347,3.5,
208,117,3.5,
208,112,2.5,
208,89,3.5,
208,19,2.0,
208,293,2.5,
208,95,2.5,
209,150,3.0,
209,168,2.5,
209,341,3.0,
209,251,4.0,
209,22,2.5,
209,40,2.5,
209,119,3.5,
209,53,2.0,
209,224,3.5,
209,223,1.5,
209,318,3.5,
209,110,3.0,
209,334,4.5,
209,237,1.5,
209,18,3.0,
209,289,3.5,
209,142,3.5,
209,19,3.0,
209,197,2.0,
209,284,3.5,
209,328,5.0,
209,3,2.5,
209,14,3.5,
209,247,3.5,
209,106,3.0,
209,205,3.5,
209,293,2.5,
209,165,2.0,
209,82,4.5,
209,194,3.0,
209,85,3.5,
209,211,3.5,
209,193,2.5,
209,343,2.0,
209,67,3.0,
209,207,3.5,
209,266,2.5,
209,177,3.0,
209,20,1.5,
210,80,4.0,
210,379,3.5,
210,264,4.5,
210,214,2.0,
210,286,3.0,
210,158,3.5,
210,235,4.0,
210,72,3.5,
210,230,3.5,
210,347,3.0,
210,231,5.0,
210,70,3.5,
210,140,2.5,
210,131,5.0,
210,224,3.5,
210,73,3.0,
210,328,4.5,
210,295,3.5,
210,260,4.0,
210,338,3.5,
210,166,3.5,
210,3,3.0,
210,188,3.0,
210,170,5.0,
210,150,3.5,
210,258,3.0,
210,199,5.0,
210,154,4.0,
210,323,4.0,
210,350,3.5,
210,97,3.5,
210,84,3.5,
210,240,5.0,
210,95,3.5,
210,21,5.0,
210,41,4.0,
210,316,4.0,
210,366,3.0,
210,308,5.0,
210,27,4.0,
210,54,4.0,
210,208,5.0,
210,354,4.5,
210,356,4.5,
210,319,4.0,
210,349,3.5,
210,157,5.0,
210,367,3.0,
210,322,3.0,
210,351,3.5,
210,65,4.0,
210,344,4.0,
210,22,2.5,
210,294,5.0,
210,291,4.5,
210,365,3.5,
210,69,4.5,
210,215,4.5,
210,113,3.5,
210,88,4.0,
210,321,4.5,
210,288,5.0,
210,109,4.0,
210,331,4.0,
211,378,3.5,
211,295,3.0,
211,171,3.0,
211,50,4.5,
211,150,3.0,
211,63,3.5,
211,113,4.0,
211,162,3.0,
211,269,4.5,
211,207,4.5,
211,196,2.0,
211,132,4.0,
211,270,4.5,
211,373,3.5,
211,64,4.0,
211,98,2.5,
211,39,2.5,
211,20,3.5,
211,286,3.0,
211,105,4.0,
211,87,4.0,
211,318,5.0,
211,21,4.0,
211,124,3.0,
211,296,3.5,
211,157,4.0,
211,107,4.0,
211,324,2.0,
211,255,3.0,
211,44,4.5,
212,52,4.0,
212,300,4.0,
212,79,2.5,
212,239,5.0,
212,60,3.5,
212,376,4.0,
212,253,4.0,
212,43,5.0,
212,142,3.0,
212,314,3.5,
212,308,4.0,
212,205,4.5,
212,106,3.0,
212,130,2.0,
212,107,3.0,
212,254,4.5,
212,126,4.0,
212,369,3.5,
212,82,3.0,
212,59,4.0,
212,93,4.0,
212,319,3.5,
212,389,5.0,
212,103,4.5,
212,159,3.5,
212,263,4.5,
212,229,4.0,
212,75,4.0,
212,373,3.5,
212,19,4.0,
212,132,2.5,
212,5,3.0,
212,195,4.5,
212,249,3.5,
212,333,3.0,
212,180,5.0,
212,18,3.5,
212,96,4.0,
212,146,3.5,
212,295,4.5,
212,388,3.5,
212,222,2.5,
212,217,5.0,
212,304,3.5,
212,275,3.5,
212,97,3.0,
212,117,2.5,
212,259,4.5,
212,90,4.0,
212,339,2.0,
212,92,3.5,
212,182,4.0,
212,144,4.0,
212,281,3.0,
212,69,3.5,
212,298,3.0,
212,324,3.5,
212,224,4.0,
212,172,4.5,
212,136,4.0,
212,326,4.0,
212,204,3.5,
212,58,3.0,
212,269,3.5,
212,181,3.5,
212,371,3.0,
212,374,3.5,
212,12,2.5,
212,71,3.5,
212,227,3.0,
212,361,3.0,
212,53,4.0,
212,111,4.0,
212,379,4.0,
212,102,4.0,
212,31,3.0,
212,110,4.5,
212,196,3.5,
213,100,4.0,
213,241,3.5,
213,213,2.5,
213,132,2.5,
213,346,4.5,
213,104,4.5,
213,273,4.5,
213,146,4.0,
213,13,4.5,
213,374,5.0,
213,282,4.0,
213,94,3.5,
213,262,4.0,
213,323,3.0,
213,131,3.5,
213,253,3.5,
213,199,3.0,
213,83,3.0,
213,8,4.5,
213,106,2.5,
213,225,3.5,
213,349,2.5,
213,310,1.5,
213,223,4.5,
213,206,4.5,
213,40,3.0,
213,188,3.5,
213,212,3.0,
213,373,3.0,
213,174,3.0,
213,56,3.5,
213,363,3.0,
213,249,3.5,
213,18,4.5,
213,141,3.5,
213,24,3.5,
213,153,3.0,
213,328,3.5,
213,365,2.0,
213,222,4.5,
213,351,2.5,
213,51,2.0,
213,336,3.0,
213,96,3.5,
213,216,4.5,
213,211,3.5,
213,140,4.0,
213,59,4.0,
214,183,4.5,
214,273,2.5,
214,299,3.0,
214,241,3.5,
214,331,4.5,
214,118,4.5,
214,268,4.0,
214,94,4.5,
214,303,5.0,
214,234,4.0,
214,20,3.5,
214,16,3.0,
214,1,4.0,
214,371,5.0,
214,280,3.5,
214,8,3.5,
214,109,3.5,
214,275,3.0,
214,338,4.0,
215,302,5.0,
215,233,4.0,
215,353,4.5,
215,51,3.0,
215,115,3.0,
215,295,2.0,
215,42,4.5,
215,136,3.5,
215,386,4.0,
215,40,4.5,
215,155,4.5,
215,357,3.5,
215,182,3.0,
215,71,3.5,
215,139,3.0,
215,81,4.0,
215,118,4.5,
215,6,2.0,
215,315,3.5,
215,90,2.5,
215,363,3.0,
215,312,3.5,
215,123,4.5,
215,129,5.0,
215,235,4.5,
215,60,4.0,
215,268,4.0,
215,307,4.5,
215,16,4.5,
215,237,4.0,
215,37,4.5,
215,146,3.0,
215,236,3.5,
215,253,4.5,
215,217,3.5,
215,128,5.0,
215,1,4.0,
215,163,3.5,
215,381,5.0,
215,173,4.5,
215,64,3.0,
216,291,3.5,
216,263,3.5,
216,362,3.5,
216,68,3.0,
216,92,3.0,
216,276,2.5,
216,109,4.0,
216,255,4.0,
216,262,3.5,
216,298,2.5,
216,19,3.0,
216,337,3.0,
216,306,4.5,
216,215,3.5,
216,200,3.0,
216,140,5.0,
217,385,4.0,
217,226,4.5,
217,69,3.5,
217,42,3.5,
217,256,4.5,
217,325,4.5,
217,378,4.0,
217,66,3.5,
217,113,3.5,
217,70,3.0,
217,320,3.0,
217,213,4.0,
217,283,4.0,
217,17,3.5,
217,187,2.5,
217,167,1.5,
217,306,3.5,
217,196,2.0,
217,355,4.0,
217,339,5.0,
217,267,4.0,
217,344,3.0,
217,193,2.5,
217,41,3.0,
217,82,3.5,
217,168,4.5,
217,359,3.5,
217,296,3.5,
217,204,4.0,
217,147,4.5,
217,322,4.0,
217,293,3.5,
217,214,2.0,
217,265,2.5,
217,125,2.5,
217,333,3.5,
217,244,3.0,
217,337,3.0,
217,271,3.0,
217,135,3.0,
217,243,2.0,
217,350,3.5,
217,138,4.0,
217,78,3.5,
218,326,3.5,
218,74,3.0,
218,202,3.5,
218,273,3.5,
218,72,2.5,
218,182,5.0,
218,201,3.0,
218,333,3.5,
218,132,3.5,
218,155,2.5,
218,298,4.0,
218,91,5.0,
218,92,2.5,
218,339,4.0,
218,244,3.0,
218,90,3.0,
218,346,3.5,
218,233,3.5,
218,268,3.5,
218,12,4.0,
219,261,3.0,
219,70,4.0,
219,299,3.5,
219,149,1.5,
219,356,2.0,
219,238,4.0,
219,294,5.0,
219,135,4.0,
219,316,3.0,
219,270,3.5,
219,65,2.5,
219,126,3.5,
219,106,3.5,
219,43,3.0,
219,325,3.5,
219,98,3.0,
219,326,1.0,
219,347,2.5,
219,55,2.5,
219,105,3.0,
219,350,3.5,
219,11,3.5,
219,164,3.0,
219,345,3.0,
219,192,1.0,
219,74,4.0,
219,127,3.0,
219,16,3.0,
219,206,3.0,
219,300,2.0,
219,369,4.5,
219,357,2.5,
219,292,2.0,
219,334,3.0,
219,208,3.0,
219,18,4.0,
219,387,3.0,
219,268,3.0,
219,47,2.5,
219,54,2.0,
219,382,2.0,
219,161,3.5,
219,166,3.5,
219,134,4.0,
219,338,3.0,
219,48,4.5,
219,365,2.5,
219,343,2.5,
219,272,3.0,
219,97,3.0,
219,361,2.5,
219,285,2.5,
219,379,1.0,
219,3,4.5,
219,323,3.0,
219,58,3.0,
219,33,2.5,
219,53,3.0,
219,15,3.0,
219,264,4.5,
219,76,2.5,
219,244,3.0,
219,189,3.5,
219,21,3.5,
219,112,2.0,
219,380,3.5,
219,383,4.0,
219,9,4.0,
219,333,2.0,
220,96,3.5,
220,291,4.0,
220,71,5.0,
220,253,3.5,
220,303,3.5,
220,104,4.0,
220,20,3.5,
220,7,4.0,
220,118,5.0,
220,23,3.5,
220,151,5.0,
220,227,4.5,
220,180,3.0,
220,17,3.5,
220,243,4.0,
220,120,4.0,
220,107,3.5,
220,9,5.0,
220,247,4.0,
220,66,4.0,
220,356,5.0,
220,197,3.5,
220,166,3.5,
220,95,3.5,
220,89,3.0,
220,198,4.0,
220,2,4.5,
220,132,3.0,
220,13,3.0,
220,325,4.0,
220,254,4.0,
220,196,3.5,
220,383,3.5,
220,370,5.0,
220,27,3.5,
220,216,5.0,
220,100,3.5,
220,300,4.5,
220,94,3.5,
220,271,3.5,
220,165,3.5,
220,43,4.5,
220,149,5.0,
221,286,4.0,
221,127,3.5,
221,184,3.0,
221,241,4.5,
221,178,4.5,
221,123,3.5,
221,171,4.0,
221,68,3.0,
221,305,4.0,
221,273,3.0,
221,304,3.5,
221,16,4.5,
221,177,5.0,
221,187,2.5,
221,154,3.5,
221,41,4.5,
221,386,3.0,
221,29,3.5,
221,198,4.5,
221,359,3.5,
221,361,3.0,
221,130,3.5,
221,8,3.5,
221,293,5.0,
221,6,5.0,
221,256,4.0,
221,28,4.0,
221,279,3.0,
221,285,2.5,
221,144,4.5,
221,14,2.5,
221,126,4.5,
221,42,5.0,
221,49,3.0,
221,45,2.5,
221,223,4.0,
221,330,5.0,
221,138,3.0,
222,188,4.0,
222,129,4.0,
222,183,3.0,
222,226,2.0,
222,370,3.5,
222,181,2.5,
222,118,3.0,
222,87,3.5,
222,65,3.0,
222,304,4.0,
222,207,4.0,
222,4,4.0,
222,137,4.5,
222,60,3.0,
222,150,2.5,
222,197,2.5,
222,169,2.5,
222,337,2.0,
222,170,2.5,
222,3,3.5,
222,206,3.0,
222,123,4.0,
222,203,2.0,
222,212,3.0,
222,177,5.0,
222,368,4.5,
222,268,5.0,
222,134,5.0,
222,371,3.0,
222,209,3.5,
222,199,3.5,
222,256,3.0,
222,34,4.5,
222,296,4.0,
222,64,4.0,
222,224,2.5,
222,52,2.5,
222,361,3.5,
222,104,2.5,
222,161,3.0,
222,195,2.0,
222,30,2.0,
222,79,4.5,
222,375,5.0,
222,291,4.0,
222,42,3.0,
222,107,3.0,
222,359,3.5,
222,124,4.0,
222,378,3.5,
222,44,4.0,
222,230,3.5,
222,70,2.5,
222,242,3.5,
222,176,4.0,
222,285,3.5,
223,266,3.0,
223,100,2.0,
223,368,4.0,
223,365,4.0,
223,326,4.0,
223,29,4.0,
223,126,4.5,
223,306,4.5,
223,164,3.0,
223,352,4.5,
223,19,3.5,
223,183,4.0,
223,323,2.5,
223,270,3.5,
223,102,4.0,
223,80,3.5,
223,233,4.0,
223,362,4.5,
223,153,3.5,
223,384,4.5,
223,193,2.5,
223,332,4.0,
223,205,2.5,
223,69,3.5,
223,32,3.5,
223,201,5.0,
223,290,3.0,
223,1,2.0,
223,119,4.0,
223,208,2.5,
223,73,3.5,
223,26,3.0,
223,35,3.5,
223,301,2.0,
223,321,2.0,
223,57,4.0,
223,89,3.5,
223,84,2.5,
223,99,3.0,
223,82,4.0,
223,200,3.5,
223,105,4.0,
223,338,3.0,
223,288,4.0,
223,30,3.5,
223,4,4.0,
223,379,4.0,
223,85,3.0,
223,309,3.5,
223,8,3.5,
223,274,4.0,
223,385,5.0,
223,329,3.0,
224,12,4.0,
224,362,4.5,
224,366,3.5,
224,386,5.0,
224,58,3.5,
224,203,4.0,
224,354,4.0,
224,225,5.0,
224,110,3.0,
224,383,3.0,
224,27,3.5,
224,258,3.5,
224,339,4.0,
224,290,3.0,
224,238,4.0,
224,70,3.0,
224,300,4.0,
224,34,5.0,
224,372,4.5,
224,142,3.5,
224,289,3.5,
224,11,5.0,
224,269,4.5,
224,108,4.5,
224,187,4.5,
224,252,4.5,
224,139,4.5,
224,250,4.0,
224,124,4.0,
224,305,3.5,
224,302,4.0,
224,101,5.0,
224,37,4.5,
224,248,3.5,
224,370,4.5,
224,204,4.0,
224,134,3.5,
224,147,4.0,
224,125,3.0,
224,33,3.0,
224,231,5.0,
224,62,3.0,
224,226,4.0,
224,219,4.5,
224,75,3.5,
224,265,5.0,
224,122,4.5,
224,197,5.0,
224,120,4.0,
224,55,5.0,
224,317,3.0,
224,251,3.5,
224,145,5.0,
224,348,3.5,
224,175,3.5,
224,48,5.0,
224,95,4.5,
224,292,4.5,
224,158,4.0,
224,180,4.0,
224,316,2.5,
224,274,4.0,
224,351,3.5,
224,159,4.5,
225,37,3.0,
225,251,4.0,
225,63,3.0,
225,35,3.0,
225,383,4.0,
225,257,3.5,
225,256,4.0,
225,325,2.0,
225,164,4.0,
225,229,4.5,
225,29,4.0,
225,45,3.5,
225,334,3.5,
225,132,4.5,
225,12,3.0,
225,236,4.0,
225,103,4.0,
225,90,3.5,
225,56,4.0,
225,329,3.5,
225,233,4.0,
225,297,4.0,
225,283,3.0,
225,199,3.5,
225,60,2.0,
225,355,3.5,
225,327,1.0,
225,84,4.0,
225,331,2.0,
225,86,3.0,
225,34,4.0,
225,137,3.5,
225,336,2.5,
225,97,3.0,
225,74,4.0,
225,169,2.5,
225,250,3.5,
225,225,2.5,
225,241,3.5,
225,126,3.5,
225,360,3.0,
225,311,2.5,
225,374,2.5,
225,166,2.0,
225,95,2.0,
225,206,4.0,
225,348,3.5,
225,227,2.5,
225,240,4.5,
225,82,3.5,
225,315,3.5,
225,324,4.0,
225,167,4.0,
226,315,4.0,
226,186,3.0,
226,228,2.5,
226,28,3.0,
226,219,3.5,
226,187,4.0,
226,293,4.5,
226,30,2.5,
226,225,3.0,
226,194,3.0,
226,202,5.0,
226,340,3.5,
226,173,3.0,
226,389,3.5,
226,366,4.0,
226,204,4.5,
226,356,2.0,
226,129,3.0,
226,8,3.0,
226,193,3.5,
226,101,5.0,
226,1,3.0,
226,352,5.0,
226,373,3.0,
226,375,2.5,
227,314,3.0,
227,111,5.0,
227,375,3.0,
227,54,3.5,
227,17,3.5,
227,194,2.0,
227,305,3.0,
227,108,2.5,
227,132,4.0,
227,275,2.5,
227,98,4.5,
227,164,2.5,
227,368,4.5,
227,15,2.5,
227,115,4.0,
227,385,4.5,
227,12,4.0,
227,128,2.5,
227,69,4.5,
227,316,4.0,
227,116,1.5,
227,283,3.5,
227,33,5.0,
227,218,4.5,
227,4,3.0,
227,92,4.0,
227,353,3.5,
227,354,4.5,
227,228,3.0,
227,336,4.5,
227,53,4.5,
227,31,4.0,
227,332,5.0,
227,21,4.5,
227,166,4.5,
227,274,4.5,
227,208,4.0,
227,380,4.0,
227,90,3.0,
227,334,3.0,
227,161,4.0,
227,176,4.0,
227,18,3.5,
227,357,3.0,
227,252,3.5,
227,372,3.5,
227,331,4.0,
227,163,3.5,
227,88,4.5,
227,360,3.5,
227,358,3.0,
227,292,3.5,
227,192,2.5,
227,190,5.0,
228,178,4.0,
228,302,3.5,
228,3,4.0,
228,358,2.5,
228,34,3.5,
228,6,3.0,
228,25,2.0,
228,270,3.0,
228,153,5.0,
228,226,3.0,
228,48,4.0,
228,348,4.0,
228,120,4.5,
228,335,3.5,
228,269,4.0,
228,72,4.0,
228,8,5.0,
228,141,3.0,
228,194,4.5,
228,16,4.0,
228,306,3.0,
228,298,3.5,
228,74,5.0,
228,121,3.5,
228,349,4.5,
228,149,4.0,
228,107,4.5,
228,213,3.5,
228,142,4.5,
228,68,3.5,
228,157,3.5,
228,203,2.5,
228,139,3.0,
228,322,3.5,
228,38,3.5,
228,187,2.5,
228,258,3.5,
228,248,3.5,
228,328,3.0,
228,273,4.5,
228,23,3.5,
228,236,3.0,
228,354,4.0,
228,143,2.0,
228,154,2.0,
228,180,2.5,
228,221,3.5,
228,82,4.0,
228,312,3.0,
228,303,4.0,
228,148,4.5,
228,237,3.0,
228,19,2.5,
228,195,5.0,
228,30,3.5,
228,262,2.5,
228,47,3.0,
229,288,1.0,
229,238,3.0,
229,314,2.5,
229,324,4.5,
229,240,3.0,
229,137,2.5,
229,146,4.0,
229,227,4.0,
229,83,1.5,
229,378,4.0,
229,140,3.5,
229,253,4.0,
229,92,3.0,
229,355,3.5,
229,386,3.0,
229,285,4.0,
229,189,2.5,
229,126,4.0,
229,108,3.5,
229,256,4.0,
229,218,2.5,
229,241,3.5,
229,258,3.5,
229,16,4.5,
229,302,4.0,
229,79,2.5,
229,377,2.5,
229,312,4.0,
229,9,3.0,
229,220,3.0,
229,381,2.5,
229,234,3.5,
229,6,3.5,
229,185,3.0,
229,136,4.5,
229,82,3.5,
229,169,4.5,
229,366,3.5,
229,349,2.5,
229,61,2.5,
229,344,3.0,
229,99,4.0,
229,150,3.0,
229,254,4.0,
229,323,4.5,
229,341,2.5,
229,243,2.5,
229,352,4.0,
229,201,3.5,
229,370,3.5,
229,360,4.0,
229,41,2.0,
229,154,3.5,
229,86,3.5,
229,74,3.5,
230,232,3.0,
230,331,1.0,
230,388,2.5,
230,284,3.0,
230,150,3.0,
230,273,2.0,
230,177,3.5,
230,69,4.0,
230,168,3.5,
230,214,3.0,
230,360,3.5,
230,312,3.5,
230,105,2.5,
230,183,4.0,
230,309,4.0,
230,110,1.5,
230,81,2.0,
230,41,3.5,
230,102,3.5,
230,24,4.0,
230,358,4.0,
230,260,3.5,
230,2,3.0,
231,369,2.5,
231,248,2.5,
231,64,4.0,
231,200,2.5,
231,72,4.5,
231,205,4.5,
231,351,3.0,
231,56,2.0,
231,30,2.5,
231,115,3.5,
231,304,4.0,
231,105,3.0,
231,38,1.0,
231,267,4.0,
231,68,1.5,
231,83,1.5,
231,324,4.0,
231,62,2.5,
231,188,3.5,
231,100,3.5,
231,32,2.5,
231,39,3.5,
231,371,3.0,
231,166,3.5,
231,326,3.0,
231,85,3.0,
231,366,2.5,
231,27,2.5,
231,353,4.0,
231,25,3.0,
231,236,2.5,
231,362,3.0,
231,158,3.0,
231,218,3.0,
231,59,4.0,
231,35,2.5,
231,335,3.0,
231,204,4.0,
231,215,3.5,
231,217,2.5,
231,275,4.0,
231,19,4.0,
231,145,4.0,
231,111,3.5,
231,6,3.0,
231,305,2.5,
231,69,2.0,
231,288,3.0,
231,8,3.5,
231,139,3.0,
231,270,3.0,
231,283,4.5,
231,207,4.5,
231,46,2.5,
231,7,3.5,
231,161,3.5,
231,328,4.0,
231,261,4.5,
231,330,5.0,
231,66,4.0,
231,140,3.5,
232,262,3.5,
232,365,3.5,
232,250,1.5,
232,159,3.0,
232,66,3.0,
232,351,2.0,
232,25,3.5,
232,301,2.5,
232,349,4.0,
232,111,3.0,
232,299,3.0,
232,75,2.0,
232,183,4.0,
232,343,4.0,
232,74,3.0,
232,17,3.0,
232,153,4.0,
232,274,3.5,
232,71,2.5,
232,157,2.5,
232,318,2.5,
232,29,3.0,
232,104,3.0,
232,276,4.0,
232,320,4.0,
232,170,3.0,
232,86,3.5,
232,169,4.0,
232,210,5.0,
232,373,3.5,
232,237,3.5,
232,206,1.0,
232,132,4.0,
232,63,3.0,
232,105,2.5,
232,151,2.5,
232,91,3.5,
232,298,2.0,
232,70,2.0,
232,190,3.5,
232,101,4.0,
232,302,4.5,
232,338,2.0,
232,118,2.5,
232,12,3.0,
232,220,4.0,
232,339,3.5,
232,7,3.5,
232,287,2.5,
232,280,2.0,
232,341,2.0,
232,386,3.0,
232,201,2.5,
232,162,2.5,
232,117,3.0,
232,38,3.5,
233,369,3.5,
233,355,4.5,
233,37,4.5,
233,127,4.5,
233,15,5.0,
233,379,5.0,
233,170,4.5,
233,151,3.0,
233,243,3.0,
233,267,3.0,
233,339,3.5,
233,83,3.5,
233,230,4.0,
233,319,4.0,
233,50,4.0,
233,82,4.0,
233,143,5.0,
233,222,5.0,
233,337,3.5,
233,334,4.0,
233,282,5.0,
233,364,3.5,
233,295,3.0,
233,91,3.0,
233,134,2.5,
233,62,3.5,
233,21,2.5,
233,123,3.0,
233,141,5.0,
233,183,2.5,
233,225,3.5,
233,345,3.0,
233,19,4.0,
233,78,3.5,
233,144,4.5,
233,105,4.0,
233,86,2.5,
233,34,4.0,
233,97,2.0,
233,60,2.5,
233,22,4.5,
233,224,4.0,
233,340,3.0,
233,194,3.5,
233,58,4.5,
233,126,4.0,
233,241,3.0,
233,366,3.0,
233,231,2.5,
233,173,3.0,
233,73,3.0,
233,36,4.5,
233,4,4.0,
233,38,3.0,
233,264,3.0,
233,47,3.5,
233,185,3.5,
233,235,4.5,
233,290,5.0,
233,216,3.0,
233,112,4.5,
233,309,3.5,
233,276,4.0,
233,220,4.0,
233,181,3.5,
233,59,3.0,
233,61,3.5,
233,363,4.0,
233,172,4.0,
233,228,5.0,
233,11,3.5,
233,303,3.5,
233,148,3.5,
233,66,3.5,
233,307,3.5,
233,214,4.0,
233,351,5.0,
234,271,3.0,
234,275,4.0,
234,30,2.5,
234,60,4.5,
234,136,4.0,
234,222,3.0,
234,128,5.0,
234,6,3.0,
234,87,2.0,
234,230,4.0,
234,140,2.5,
234,345,4.5,
234,260,2.0,
234,241,2.5,
234,92,3.0,
235,169,4.0,
235,3,3.0,
235,191,5.0,
235,146,3.0,
235,58,3.5,
235,126,4.5,
235,245,3.5,
235,381,4.0,
235,212,3.0,
235,151,1.5,
235,61,2.5,
235,171,3.0,
235,81,2.5,
235,21,3.0,
235,89,2.0,
235,258,3.0,
235,83,2.5,
235,229,2.0,
235,333,3.5,
235,110,3.0,
235,63,3.0,
235,133,2.5,
235,25,2.5,
235,244,4.5,
235,360,3.5,
235,17,2.5,
235,304,2.5,
235,100,2.5,
235,145,3.0,
235,262,4.0,
235,310,3.5,
235,4,4.0,
235,270,2.0,
235,66,2.5,
235,290,3.5,
235,46,1.5,
235,90,2.5,
235,210,2.5,
235,101,4.0,
236,334,4.0,
236,28,2.5,
236,380,3.0,
236,369,4.0,
236,91,4.0,
236,202,4.5,
236,223,3.5,
236,122,3.5,
236,97,4.5,
236,35,2.5,
236,12,4.0,
236,43,3.5,
236,275,1.5,
236,167,4.5,
236,308,2.5,
236,214,5.0,
236,236,3.5,
236,377,2.5,
236,117,4.0,
236,67,3.0,
236,199,3.5,
236,197,3.5,
236,69,3.5,
236,264,3.5,
236,261,3.0,
237,131,4.0,
237,121,3.5,
237,17,4.0,
237,205,3.5,
237,111,2.0,
237,243,3.5,
237,153,3.5,
237,82,3.5,
237,246,2.5,
237,128,3.5,
237,209,4.0,
237,83,5.0,
237,300,3.5,
237,206,3.5,
237,87,3.0,
237,28,5.0,
237,327,3.0,
237,55,3.5,
237,261,4.0,
237,154,4.5,
237,280,3.5,
237,364,3.5,
237,93,3.5,
237,129,2.5,
237,122,4.0,
237,43,3.0,
237,105,3.5,
237,77,4.0,
237,287,4.0,
237,14,5.0,
237,207,5.0,
237,102,5.0,
237,61,5.0,
237,130,5.0,
237,321,2.5,
237,301,4.0,
237,297,4.0,
237,272,4.0,
237,185,3.5,
237,217,2.5,
238,332,4.0,
238,156,5.0,
238,157,4.0,
238,311,3.5,
238,76,3.5,
238,49,2.5,
238,45,4.0,
238,152,4.0,
238,135,3.0,
238,236,2.5,
238,160,2.0,
238,237,3.0,
238,137,3.5,
238,126,4.0,
238,188,4.5,
238,110,4.0,
238,261,4.5,
238,363,3.5,
238,202,3.5,
238,142,3.5,
238,183,2.0,
238,312,4.0,
238,215,3.0,
238,181,3.0,
238,145,3.0,
238,14,4.5,
238,184,2.5,
238,343,3.5,
238,320,3.5,
238,231,3.0,
238,32,4.0,
238,122,2.0,
238,16,4.5,
238,15,3.5,
238,366,3.5,
238,368,4.5,
238,5,4.0,
238,8,3.0,
238,197,2.0,
238,358,3.5,
238,66,3.0,
238,113,3.0,
238,339,3.5,
238,92,3.5,
238,315,3.0,
238,225,3.5,
238,68,4.0,
238,25,4.5,
238,341,3.0,
238,262,4.0,
238,65,3.0,
238,175,2.5,
238,73,4.0,
238,255,2.5,
238,290,2.0,
238,196,3.0,
238,104,3.0,
238,21,3.5,
238,359,3.5,
238,18,4.0,
238,249,2.0,
238,1,3.0,
238,105,2.0,
238,239,3.5,
238,148,4.0,
238,357,3.0,
238,365,3.0,
238,272,2.5,
238,388,4.5,
238,138,4.0,
238,238,4.0,
238,325,4.0,
238,278,3.5,
238,329,5.0,
238,233,4.0,
238,356,3.0,
239,45,4.0,
239,88,3.5,
239,246,2.5,
239,329,3.5,
239,214,4.0,
239,271,4.5,
239,64,5.0,
239,212,3.0,
239,279,5.0,
239,86,3.5,
239,210,3.5,
239,148,3.5,
239,98,2.0,
239,260,3.5,
239,316,5.0,
239,349,4.0,
239,320,4.0,
239,24,4.0,
239,158,4.5,
239,173,3.0,
239,203,4.5,
239,353,4.0,
239,209,3.0,
239,297,4.0,
239,387,4.0,
239,99,3.0,
239,225,3.0,
239,264,3.5,
239,17,3.5,
239,6,4.5,
239,389,3.5,
239,89,3.5,
239,44,4.5,
239,199,5.0,
239,291,3.0,
239,288,2.5,
239,32,4.0,
239,39,3.5,
239,120,3.5,
239,21,4.5,
239,202,3.5,
239,295,5.0,
239,219,4.0,
239,123,4.0,
239,40,5.0,
239,337,4.0,
239,206,3.0,
239,198,3.0,
239,193,3.5,
239,141,4.0,
240,264,3.0,
240,132,2.5,
240,40,2.5,
240,228,3.5,
240,84,4.0,
240,163,4.5,
240,37,4.0,
240,29,4.5,
240,285,2.5,
240,54,3.0,
240,298,3.5,
240,195,4.0,
240,115,4.0,
240,304,4.0,
240,270,3.5,
240,27,3.5,
240,302,5.0,
240,70,4.0,
240,283,3.5,
240,137,3.5,
240,116,3.0,
240,368,4.0,
241,359,3.0,
241,252,5.0,
241,362,4.5,
241,303,4.0,
241,134,4.0,
241,38,4.0,
241,26,4.5,
241,118,5.0,
241,336,3.0,
241,212,4.0,
241,4,3.5,
241,181,3.0,
241,311,3.5,
241,348,4.0,
241,54,3.5,
241,3,4.0,
241,97,4.5,
241,248,4.5,
241,256,5.0,
241,263,4.5,
241,76,3.5,
241,48,4.5,
241,366,3.5,
241,266,3.0,
241,61,4.5,
241,11,5.0,
241,258,3.5,
241,83,4.0,
241,46,4.0,
241,34,3.0,
241,211,2.5,
241,207,2.5,
241,208,5.0,
241,2,3.5,
241,81,3.5,
241,182,4.0,
241,75,5.0,
241,240,3.0,
241,121,2.5,
241,251,5.0,
241,335,4.0,
241,126,3.0,
241,43,3.5,
241,23,3.0,
241,104,4.5,
241,321,4.5,
241,28,4.5,
241,291,4.0,
241,123,4.0,
241,349,3.0,
241,270,3.5,
241,85,4.0,
241,246,3.5,
241,203,4.0,
241,14,2.5,
241,310,4.5,
241,222,3.0,
241,192,2.0,
241,188,3.0,
241,68,3.5,
241,356,5.0,
241,305,3.5,
241,98,4.0,
241,346,4.0,
241,255,2.5,
241,147,3.5,
241,276,3.5,
241,326,4.0,
241,58,4.0,
241,273,4.5,
241,145,3.0,
242,231,4.0,
242,50,3.5,
242,353,3.5,
242,40,4.5,
242,23,3.0,
242,218,3.0,
242,359,4.5,
242,11,4.0,
242,98,2.0,
242,158,4.5,
242,277,2.5,
242,119,3.0,
242,236,3.5,
242,234,3.5,
242,318,3.0,
242,321,3.0,
242,117,4.0,
242,339,2.5,
242,378,3.5,
242,327,4.5,
242,323,4.0,
242,93,2.5,
242,262,2.0,
242,48,3.0,
242,10,2.0,
242,115,4.0,
242,110,3.5,
242,100,3.5,
242,351,4.0,
242,253,4.5,
242,238,4.0,
242,129,3.5,
242,206,3.0,
242,84,3.5,
242,59,4.0,
242,354,4.5,
242,195,2.5,
242,235,3.0,
242,4,3.5,
242,53,2.0,
242,381,4.0,
242,179,4.5,
242,156,5.0,
242,244,4.0,
242,175,4.5,
242,264,4.0,
242,17,5.0,
242,347,3.5,
242,221,4.0,
242,376,4.0,
242,111,4.0,
242,135,3.0,
242,173,2.5,
242,157,4.5,
242,92,4.0,
242,172,4.0,
242,237,4.5,
242,306,4.5,
242,182,4.0,
242,220,4.0,
242,361,3.5,
242,43,4.0,
242,24,2.5,
242,75,3.5,
242,160,4.5,
242,233,3.0,
242,189,4.0,
242,72,4.0,
242,165,3.0,
242,227,4.5,
242,187,4.0,
243,350,2.0,
243,177,1.5,
243,148,3.0,
243,105,3.0,
243,247,3.0,
243,293,2.5,
243,313,4.0,
243,141,3.5,
243,208,2.5,
243,67,2.5,
243,292,2.5,
243,203,2.5,
243,162,3.0,
243,36,3.5,
243,61,2.5,
243,98,2.0,
243,275,3.5,
243,274,3.5,
243,46,4.5,
243,322,3.5,
243,92,2.5,
243,86,3.5,
243,32,3.0,
243,129,2.0,
243,142,3.0,
243,235,3.0,
243,44,4.0,
243,193,3.0,
243,74,2.5,
243,372,1.5,
243,144,2.0,
243,252,2.0,
243,232,4.5,
243,138,3.0,
243,200,3.0,
243,81,4.0,
243,196,3.5,
243,239,3.0,
243,91,4.0,
243,181,2.5,
243,264,3.0,
243,301,2.0,
243,343,3.0,
243,56,4.0,
243,225,3.5,
243,158,3.5,
243,222,5.0,
244,232,3.5,
244,330,4.5,
244,214,3.0,
244,162,3.5,
244,377,3.0,
244,274,2.5,
244,220,3.5,
244,389,3.5,
244,237,3.5,
244,151,4.0,
244,247,3.5,
244,209,3.0,
244,170,4.0,
244,269,4.0,
244,251,4.0,
244,74,3.5,
244,257,3.5,
244,70,5.0,
244,376,3.0,
244,311,4.0,
244,40,4.0,
244,95,3.0,
244,372,3.5,
244,153,3.5,
244,248,2.5,
244,310,3.5,
244,252,2.5,
244,295,4.5,
244,181,2.0,
244,345,3.0,
244,245,2.0,
244,193,5.0,
244,103,5.0,
244,202,5.0,
245,30,3.5,
245,64,5.0,
245,187,4.5,
245,320,3.0,
245,71,4.5,
245,335,4.0,
245,100,5.0,
245,347,4.0,
245,129,3.5,
245,95,3.5,
245,216,3.5,
245,4,4.0,
245,137,4.5,
245,172,2.5,
245,388,4.0,
245,245,5.0,
245,382,2.5,
245,312,4.0,
245,198,3.5,
245,68,2.5,
245,299,2.0,
245,167,4.0,
245,212,2.5,
245,368,4.0,
245,205,3.5,
245,80,5.0,
245,16,3.0,
245,375,2.5,
245,106,4.5,
246,327,4.0,
246,354,3.0,
246,2,4.0,
246,3,2.5,
246,216,2.5,
246,14,5.0,
246,362,3.5,
246,137,4.0,
246,346,5.0,
246,24,3.0,
246,95,4.5,
246,254,3.0,
246,42,3.5,
246,248,4.5,
246,337,3.5,
246,133,3.5,
246,343,3.0,
246,108,3.5,
246,183,3.5,
246,101,4.0,
246,349,4.0,
246,255,4.0,
246,49,4.5,
246,106,5.0,
246,55,2.0,
246,313,5.0,
246,38,4.0,
246,28,5.0,
246,288,4.5,
246,202,4.0,
246,270,3.5,
246,162,3.5,
246,250,5.0,
246,252,4.0,
246,113,4.5,
246,361,3.5,
246,276,3.5,
246,326,1.0,
246,158,2.5,
246,283,4.0,
246,193,2.5,
246,382,4.5,
246,194,3.5,
246,247,3.5,
246,8,3.5,
246,207,4.5,
246,99,5.0,
246,302,2.0,
246,10,4.0,
246,135,4.5,
246,330,4.0,
246,53,4.0,
246,79,4.0,
246,335,5.0,
246,365,4.0,
246,78,2.5,
246,374,4.0,
246,280,3.0,
246,236,3.0,
246,11,3.5,
246,6,4.0,
246,85,3.5,
247,94,3.0,
247,360,3.5,
247,199,4.0,
247,290,3.5,
247,31,3.5,
247,55,2.5,
247,322,5.0,
247,385,4.0,
247,65,5.0,
247,293,3.5,
247,352,3.5,
247,136,4.0,
247,378,3.0,
247,312,4.5,
247,383,3.0,
247,77,4.0,
247,164,4.0,
247,379,4.0,
247,381,4.5,
247,303,2.5,
247,34,3.0,
247,194,4.0,
247,58,4.0,
247,100,3.5,
247,196,3.5,
247,167,1.5,
247,11,4.5,
247,161,4.5,
247,102,4.0,
247,351,3.0,
247,332,4.0,
247,329,4.0,
248,330,3.5,
248,307,3.5,
248,14,3.0,
248,239,2.5,
248,71,3.5,
248,13,4.5,
248,140,3.5,
248,91,3.0,
248,124,3.0,
248,119,3.0,
248,61,4.0,
248,253,3.5,
248,326,3.5,
248,25,4.0,
248,64,3.0,
248,128,3.0,
248,309,2.5,
248,11,4.5,
248,243,4.5,
248,301,3.5,
248,368,3.0,
248,252,3.5,
248,346,3.5,
248,123,3.5,
248,34,3.0,
248,354,4.0,
248,265,3.0,
249,36,4.5,
249,369,5.0,
249,268,3.5,
249,149,3.5,
249,281,3.5,
249,3,3.0,
249,227,4.5,
249,183,3.0,
249,99,3.5,
249,150,4.5,
249,152,3.5,
249,211,3.0,
249,377,4.0,
249,88,4.5,
249,120,4.0,
249,134,4.5,
249,239,3.5,
249,376,5.0,
249,72,4.5,
249,190,3.5,
249,17,4.0,
249,284,4.0,
249,1,4.0,
249,82,4.0,
249,27,4.0,
249,207,4.5,
249,350,4.5,
249,327,4.0,
249,250,3.5,
249,364,5.0,
249,231,4.0,
249,57,4.0,
249,77,3.5,
249,270,5.0,
249,315,3.5,
249,166,4.0,
249,137,5.0,
249,330,2.5,
249,105,3.0,
249,280,4.5,
249,39,4.0,
249,317,4.5,
249,248,3.0,
249,305,3.5,
249,344,4.0,
249,249,4.0,
249,310,4.0,
249,289,2.0,
249,191,3.5,
249,40,5.0,
249,229,3.5,
249,260,3.0,
249,63,3.5,
249,18,5.0,
249,238,2.0,
249,273,4.5,
249,10,4.0,
249,303,3.0,
249,102,5.0,
249,354,4.5,
249,263,4.0,
249,389,5.0,
249,387,4.5,
249,11,4.0,
249,98,4.0,
249,329,3.5,
249,206,4.5,
249,274,4.0,
249,158,5.0,
249,182,5.0,
249,131,4.5,
249,193,3.5,
249,141,3.0,
249,373,4.0,
250,346,3.0,
250,363,3.5,
250,278,3.5,
250,349,3.0,
250,111,2.0,
250,288,2.0,
250,293,2.5,
250,4,2.0,
250,252,3.5,
250,201,5.0,
250,229,4.5,
250,367,2.5,
250,299,4.0,
250,12,4.0,
250,62,3.5,
250,46,4.5,
251,345,2.0,
251,139,3.5,
251,237,4.5,
251,170,4.5,
251,56,4.0,
251,87,4.5,
251,333,4.5,
251,266,3.0,
251,132,4.0,
251,289,3.5,
251,211,4.0,
251,336,2.0,
251,275,4.0,
251,187,4.5,
251,329,3.0,
251,250,4.0,
251,212,5.0,
251,14,2.5,
251,143,3.5,
251,59,3.5,
251,155,2.5,
251,386,4.0,
251,81,3.0,
251,201,2.5,
251,144,4.0,
251,245,5.0,
251,148,3.0,
251,154,4.5,
251,141,3.5,
251,63,5.0,
251,60,3.5,
251,339,2.5,
251,25,5.0,
251,135,4.0,
251,363,3.0,
251,92,4.5,
251,36,4.0,
251,311,4.0,
251,352,2.0,
251,268,2.5,
251,62,4.0,
251,337,3.5,
251,86,4.5,
251,367,2.5,
251,300,3.5,
251,239,3.5,
251,241,4.0,
251,48,4.5,
251,387,4.5,
251,177,3.5,
251,103,3.5,
251,39,3.0,
251,108,4.5,
251,97,4.5,
251,142,3.0,
251,13,3.5,
251,264,3.5,
251,150,3.5,
251,46,4.5,
251,200,3.5,
251,328,4.5,
251,83,3.0,
252,219,3.0,
252,118,2.0,
252,289,2.0,
252,218,3.0,
252,12,5.0,
252,78,3.5,
252,322,3.0,
252,342,2.0,
252,132,2.5,
252,193,4.0,
252,315,2.5,
252,330,3.0,
252,301,3.5,
252,296,3.0,
252,225,2.5,
252,257,1.5,
252,88,2.0,
252,230,3.5,
252,373,2.5,
252,256,3.5,
252,302,2.0,
252,319,3.5,
252,85,3.0,
252,117,2.0,
252,137,4.0,
252,145,2.0,
252,109,4.0,
252,76,3.0,
252,259,2.5,
252,215,4.5,
252,49,3.5,
252,169,4.0,
252,79,3.5,
252,86,3.0,
252,250,2.5,
252,270,3.0,
252,333,3.0,
252,126,3.5,
252,157,3.0,
252,276,3.5,
253,330,4.5,
253,177,3.0,
253,80,2.5,
253,138,3.0,
253,344,4.5,
253,338,2.0,
253,244,2.5,
253,310,3.5,
253,2,2.0,
253,75,3.0,
253,52,4.0,
253,44,2.5,
253,376,4.0,
253,165,2.0,
253,13,4.0,
253,250,5.0,
253,95,1.5,
253,363,4.0,
254,173,3.0,
254,27,3.5,
254,231,3.5,
254,260,3.5,
254,154,4.5,
254,342,2.5,
254,37,1.5,
254,258,2.5,
254,138,3.0,
254,254,3.5,
254,5,3.5,
254,221,2.0,
254,93,2.0,
254,224,4.0,
254,51,3.5,
254,64,3.5,
254,372,3.5,
254,120,3.0,
254,337,3.0,
254,132,2.5,
254,245,2.5,
254,164,5.0,
254,113,4.5,
254,212,4.0,
254,293,3.0,
254,85,3.5,
254,358,2.0,
254,109,4.0,
254,339,3.0,
254,140,3.0,
254,241,3.0,
254,47,3.0,
254,125,3.5,
254,159,4.5,
254,341,4.0,
254,83,3.0,
254,32,2.0,
254,282,3.0,
254,381,3.0,
254,45,3.5,
254,211,2.5,
254,383,2.5,
254,190,3.5,
254,151,4.0,
254,185,3.0,
254,157,4.0,
254,98,2.0,
254,208,3.5,
255,354,2.5,
255,70,3.0,
255,140,3.5,
255,122,2.5,
255,156,5.0,
255,123,2.5,
255,1,4.5,
255,91,3.0,
255,194,1.5,
255,36,4.0,
255,233,3.5,
255,352,4.0,
255,310,3.5,
255,283,3.0,
255,28,3.5,
255,150,4.5,
255,31,4.0,
255,155,4.0,
255,186,5.0,
255,389,4.0,
255,197,4.5,
255,292,2.5,
255,132,4.5,
255,180,4.0,
255,97,4.0,
255,38,4.0,
255,138,4.5,
255,154,4.0,
255,378,3.5,
255,130,5.0,
256,350,3.5,
256,259,4.0,
256,242,3.5,
256,334,4.0,
256,348,2.5,
256,386,3.5,
256,180,5.0,
256,345,3.0,
256,290,3.0,
256,366,3.0,
256,264,2.5,
256,380,4.5,
256,305,1.5,
256,375,2.5,
256,211,3.5,
256,269,3.0,
256,126,3.5,
256,194,3.5,
256,103,4.0,
256,197,3.5,
256,286,3.0,
256,175,3.5,
256,118,3.0,
256,161,4.5,
256,338,3.0,
256,189,4.0,
256,75,4.0,
256,7,2.5,
256,167,2.5,
256,20,5.0,
256,207,3.0,
256,132,3.5,
256,181,3.0,
256,87,3.5,
256,196,3.0,
256,200,3.5,
256,177,2.5,
256,97,3.0,
256,138,2.0,
256,163,3.5,
256,174,3.5,
256,91,4.0,
256,190,4.5,
256,111,3.0,
256,258,4.0,
256,325,2.5,
256,320,3.0,
256,29,4.5,
256,368,3.5,
256,312,3.5,
256,247,3.0,
256,236,5.0,
256,187,4.0,
256,67,4.5,
256,299,3.0,
256,291,2.5,
256,317,3.0,
256,141,4.0,
256,17,4.5,
256,245,4.0,
256,31,4.0,
256,372,3.5,
256,63,2.5,
256,89,5.0,
256,377,4.0,
256,98,4.0,
256,147,4.0,
256,358,2.0,
256,387,3.0,
256,169,4.0,
256,363,3.0,
257,330,3.0,
257,231,4.0,
257,9,4.0,
257,94,3.0,
257,243,2.0,
257,232,4.0,
257,127,3.0,
257,205,3.5,
257,221,4.0,
257,136,2.5,
257,59,3.5,
257,142,3.5,
257,96,3.5,
257,197,3.5,
257,105,3.5,
257,370,3.0,
257,173,5.0,
257,58,2.5,
257,358,4.0,
257,158,3.5,
257,202,3.5,
257,2,4.5,
257,325,4.5,
257,145,4.0,
257,95,4.0,
257,334,4.0,
257,155,3.5,
257,52,4.5,
257,376,3.0,
257,265,3.0,
257,319,5.0,
257,102,2.5,
257,256,3.5,
257,140,3.0,
258,341,3.5,
258,184,3.0,
258,56,3.5,
258,227,3.5,
258,293,3.0,
258,7,5.0,
258,190,2.5,
258,42,2.5,
258,347,2.5,
258,354,3.5,
258,59,4.0,
258,328,3.0,
258,62,5.0,
258,311,3.0,
258,147,1.5,
258,287,3.5,
258,121,4.5,
258,107,2.0,
258,386,4.5,
258,319,3.0,
258,345,4.0,
258,104,4.5,
258,363,5.0,
258,171,2.5,
258,309,5.0,
258,361,4.5,
258,285,2.5,
258,186,2.0,
258,290,3.0,
258,164,5.0,
258,200,4.0,
258,268,3.0,
258,214,4.0,
258,160,5.0,
258,20,3.5,
258,240,3.0,
258,88,3.5,
258,231,2.5,
258,346,3.0,
258,51,3.5,
258,15,3.5,
258,362,3.0,
258,329,2.5,
258,81,4.0,
258,156,3.5,
258,2,2.0,
258,113,2.5,
258,270,3.5,
258,256,5.0,
258,283,2.5,
258,280,1.5,
258,224,3.5,
258,183,5.0,
258,106,3.0,
258,294,3.5,
259,259,4.0,
259,55,3.0,
259,345,4.0,
259,269,3.0,
259,324,1.5,
259,375,1.0,
259,44,3.0,
259,258,3.5,
259,267,2.5,
259,4,3.5,
259,331,2.0,
259,384,3.5,
259,105,4.0,
259,247,3.5,
259,372,2.0,
259,321,2.5,
259,25,3.0,
259,229,3.5,
259,134,3.0,
259,308,2.0,
259,353,4.0,
260,225,4.5,
260,1,3.5,
260,291,3.5,
260,228,3.0,
260,85,2.5,
260,261,3.5,
260,299,3.0,
260,238,3.5,
260,156,4.0,
260,349,3.0,
260,308,2.5,
260,210,2.5,
260,279,3.5,
260,38,4.0,
260,387,3.0,
260,182,3.5,
260,278,2.5,
260,275,3.5,
260,198,2.5,
260,167,3.5,
260,62,3.0,
260,372,1.5,
260,32,3.0,
260,378,3.5,
260,219,2.5,
260,118,1.5,
260,388,3.5,
260,115,3.0,
260,263,3.0,
260,194,3.0,
260,217,4.0,
260,281,2.0,
260,166,2.5,
260,57,3.5,
260,336,4.0,
260,173,4.0,
260,30,3.0,
260,206,2.5,
260,295,4.0,
260,55,4.0,
260,354,2.5,
260,58,4.0,
260,244,4.0,
260,249,2.0,
260,43,2.0,
260,171,3.0,
260,47,2.0,
260,351,2.5,
260,4,3.0,
260,66,3.0,
260,19,1.5,
260,20,3.5,
260,60,2.5,
260,315,1.5,
260,31,3.5,
260,127,3.0,
260,52,3.5,
260,260,3.0,
260,76,3.0,
260,82,3.5,
260,146,2.5,
260,353,3.0,
260,220,3.5,
260,129,4.0,
260,121,4.5,
260,137,3.5,
260,383,2.0,
260,364,3.5,
260,6,3.0,
260,163,4.0,
260,245,2.5,
260,350,4.0,
260,247,4.5,
260,381,3.5,
261,323,3.0,
261,290,4.0,
261,275,4.5,
261,277,3.0,
261,293,4.5,
261,364,2.5,
261,4,2.0,
261,322,3.5,
261,334,4.0,
261,105,4.5,
261,250,3.5,
261,385,4.0,
261,296,3.5,
261,88,5.0,
261,131,3.5,
261,320,3.5,
261,164,3.5,
261,298,3.5,
261,190,2.5,
261,312,3.0,
261,335,3.0,
261,341,3.5,
261,223,5.0,
261,310,2.0,
261,251,3.0,
261,54,4.5,
261,176,3.0,
261,89,4.5,
261,233,5.0,
261,146,2.5,
261,138,3.0,
261,101,5.0,
261,348,4.0,
261,267,2.5,
261,30,3.0,
261,65,4.5,
261,234,4.0,
261,231,4.0,
261,49,3.5,
261,388,3.5,
261,360,4.5,
261,132,4.5,
261,227,2.5,
261,57,3.5,
261,21,4.5,
261,306,1.5,
261,127,2.0,
261,87,5.0,
261,340,4.0,
261,15,3.5,
261,337,4.5,
261,205,2.5,
261,349,4.0,
261,339,4.5,
261,314,3.5,
261,43,5.0,
261,166,5.0,
261,330,5.0,
261,126,4.0,
261,257,4.0,
261,327,3.5,
261,204,4.0,
261,115,4.5,
261,128,3.0,
261,213,4.0,
261,58,4.5,
261,237,3.0,
261,123,4.0,
261,182,4.5,
262,182,3.5,
262,90,3.5,
262,91,3.5,
262,307,4.0,
262,350,2.5,
262,33,3.0,
262,70,3.0,
262,161,2.5,
262,204,4.0,
262,266,2.5,
262,61,3.5,
262,133,3.0,
262,81,3.0,
262,114,2.5,
262,157,3.0,
262,14,3.0,
262,256,3.0,
262,67,3.0,
262,40,2.5,
262,221,2.0,
262,230,3.0,
262,369,3.5,
262,311,2.5,
262,258,4.5,
262,153,2.0,
262,120,2.0,
262,181,2.0,
262,246,4.0,
262,197,3.0,
262,303,4.5,
262,222,2.0,
262,56,5.0,
262,178,2.5,
262,2,3.0,
262,139,3.0,
262,327,3.5,
262,154,3.5,
262,289,3.5,
262,262,4.0,
262,301,3.0,
262,4,3.0,
262,298,4.5,
262,63,3.5,
262,85,3.0,
262,185,4.0,
262,264,3.0,
262,332,5.0,
262,317,2.5,
262,35,3.5,
262,273,2.5,
262,138,3.0,
262,272,2.5,
262,125,3.5,
262,131,3.0,
262,97,2.5,
262,343,2.5,
262,113,3.5,
262,318,3.0,
262,316,4.0,
262,352,2.5,
262,285,3.5,
262,135,3.5,
262,104,4.5,
262,162,3.5,
262,281,3.5,
262,71,2.0,
262,84,3.5,
262,228,2.5,
262,146,2.0,
262,109,3.0,
262,148,3.5,
262,348,4.0,
262,353,4.5,
263,242,3.5,
263,146,5.0,
263,54,2.5,
263,30,4.0,
263,88,3.5,
263,317,3.5,
263,178,4.5,
263,345,1.5,
263,157,2.0,
263,359,4.0,
263,224,3.5,
263,17,2.5,
263,160,5.0,
263,145,3.0,
263,303,3.5,
263,383,4.5,
263,163,3.5,
263,214,3.0,
263,204,4.0,
263,364,3.0,
263,237,4.0,
263,147,4.0,
263,191,4.0,
263,233,4.5,
263,350,3.5,
263,378,3.5,
263,220,3.5,
263,139,1.5,
263,289,4.0,
263,336,3.5,
263,50,4.0,
263,13,3.0,
263,181,5.0,
263,386,3.5,
263,22,4.5,
263,81,3.5,
263,99,4.0,
263,128,2.5,
263,322,2.0,
263,354,3.5,
263,46,4.0,
263,133,3.5,
263,326,3.5,
263,275,3.5,
263,126,4.5,
263,349,5.0,
263,45,5.0,
263,238,4.5,
263,137,2.0,
263,11,4.5,
264,185,4.0,
264,208,3.0,
264,202,4.0,
264,203,2.0,
264,230,2.5,
264,12,3.5,
264,164,2.5,
264,184,3.0,
264,6,2.5,
264,192,3.0,
264,161,3.0,
264,265,2.0,
264,100,2.5,
264,382,3.5,
264,213,2.0,
264,255,3.5,
264,124,2.5,
264,307,4.0,
264,194,2.5,
264,44,4.0,
264,76,3.0,
264,241,3.5,
264,102,4.0,
264,191,3.5,
264,231,3.0,
264,340,3.0,
264,343,1.5,
264,170,4.5,
264,344,2.5,
264,252,4.0,
264,301,3.5,
264,217,2.0,
264,201,2.5,
264,211,3.5,
264,374,2.5,
264,108,2.5,
264,356,3.5,
264,329,3.0,
264,30,4.0,
264,151,3.0,
264,323,2.0,
264,327,2.5,
264,294,3.5,
264,143,3.0,
264,116,4.0,
264,67,2.5,
264,226,3.5,
264,133,3.0,
264,83,2.5,
264,11,2.5,
264,387,2.5,
264,199,3.0,
264,359,4.0,
264,221,5.0,
264,97,3.5,
264,207,3.5,
264,25,3.0,
264,19,2.5,
264,54,4.0,
264,127,3.0,
264,318,2.5,
265,281,5.0,
265,274,3.5,
265,294,5.0,
265,92,4.5,
265,13,4.0,
265,265,2.0,
265,358,2.5,
265,112,4.0,
265,177,4.5,
265,52,4.0,
265,59,4.0,
265,348,4.5,
265,289,4.0,
265,64,4.0,
265,198,5.0,
265,305,3.5,
265,228,5.0,
265,166,2.0,
265,129,3.5,
265,158,3.0,
265,205,4.5,
265,144,3.0,
266,286,3.0,
266,95,2.5,
266,88,4.5,
266,328,3.5,
266,246,3.0,
266,69,1.5,
266,31,4.0,
266,232,4.0,
266,142,3.0,
266,323,3.0,
266,222,3.5,
266,170,4.0,
266,326,4.5,
266,107,3.0,
266,9,3.0,
266,339,3.0,
266,318,3.5,
266,332,3.0,
266,375,3.0,
266,74,5.0,
266,6,2.0,
266,30,2.5,
266,65,3.5,
266,133,4.0,
266,28,4.5,
266,56,3.5,
266,167,4.0,
266,368,2.0,
266,49,3.0,
266,314,3.0,
266,302,4.5,
266,134,4.0,
266,199,3.5,
266,171,3.5,
266,118,3.5,
266,216,3.5,
266,173,3.5,
266,312,3.0,
266,7,3.0,
266,228,3.5,
266,5,3.0,
266,359,4.0,
266,224,3.0,
266,330,2.0,
266,227,3.5,
266,20,4.0,
266,269,4.0,
266,280,3.0,
266,352,3.0,
266,271,4.0,
266,376,4.0,
266,189,3.0,
266,251,2.5,
266,115,4.0,
266,282,2.5,
266,221,2.0,
266,248,4.5,
266,24,3.5,
266,289,3.5,
266,244,4.0,
266,303,4.0,
267,198,5.0,
267,129,3.0,
267,335,3.5,
267,157,4.5,
267,287,5.0,
267,63,4.0,
267,171,2.5,
267,388,3.5,
267,223,3.0,
267,340,4.5,
267,52,4.0,
267,103,4.5,
267,242,4.0,
267,35,4.0,
267,162,2.5,
267,121,3.5,
267,48,4.5,
267,160,3.0,
267,44,3.0,
267,73,4.5,
267,319,4.0,
267,68,4.5,
267,202,3.5,
267,295,4.0,
267,126,3.5,
267,78,4.0,
267,389,5.0,
267,252,4.5,
267,98,4.5,
267,213,3.0,
267,28,3.5,
267,61,4.0,
267,343,3.5,
267,302,4.5,
267,4,4.5,
267,134,2.5,
267,244,3.5,
267,298,2.5,
267,373,3.0,
267,201,4.0,
267,75,4.5,
267,324,2.0,
267,241,4.0,
267,128,4.5,
267,347,2.5,
267,152,3.5,
267,386,2.0,
267,123,3.5,
267,232,5.0,
267,138,4.0,
267,40,3.5,
267,304,4.5,
267,69,3.0,
267,115,5.0,
267,85,4.0,
267,238,3.5,
267,184,4.0,
267,329,4.0,
267,122,4.5,
267,110,4.0,
267,196,4.5,
268,28,3.5,
268,330,2.5,
268,374,4.0,
268,294,4.5,
268,38,5.0,
268,245,2.5,
268,65,4.0,
268,239,2.5,
268,259,3.5,
268,345,4.0,
268,221,5.0,
268,220,4.0,
268,350,3.0,
268,364,4.0,
268,302,3.0,
268,270,3.5,
268,327,4.0,
268,341,3.0,
268,84,4.0,
268,214,4.5,
268,290,4.5,
268,175,5.0,
268,99,3.5,
268,348,3.0,
268,89,3.0,
268,292,5.0,
268,347,5.0,
268,145,5.0,
268,36,3.5,
268,13,5.0,
268,165,3.5,
268,75,4.0,
268,105,4.5,
268,136,4.5,
268,387,4.0,
268,131,5.0,
268,216,4.0,
268,33,3.5,
268,204,3.5,
268,12,3.0,
268,110,1.5,
268,90,4.5,
268,152,3.5,
268,95,4.5,
268,382,4.0,
268,206,4.0,
268,356,4.5,
268,166,4.5,
268,209,3.0,
268,205,5.0,
268,159,4.5,
268,60,3.0,
268,273,3.0,
268,193,2.5,
268,230,4.0,
268,15,3.5,
268,215,1.5,
268,154,3.5,
268,252,3.5,
268,295,4.0,
268,369,2.5,
268,256,4.0,
268,116,5.0,
268,114,4.0,
268,238,4.0,
268,112,5.0,
268,264,3.5,
268,262,3.5,
268,275,4.0,
268,141,3.0,
268,128,3.0,
268,27,2.0,
268,376,5.0,
268,360,4.5,
268,346,3.0,
268,111,4.5,
269,20,3.5,
269,213,5.0,
269,112,3.0,
269,80,4.0,
269,141,3.5,
269,120,4.5,
269,106,4.5,
269,206,5.0,
269,167,5.0,
269,9,4.0,
269,143,3.0,
269,353,5.0,
269,63,4.5,
269,82,4.0,
269,219,3.5,
270,382,3.0,
270,69,4.0,
270,236,3.0,
270,144,3.5,
270,120,3.0,
270,32,3.5,
270,143,4.0,
270,362,3.0,
270,366,5.0,
270,148,3.0,
270,352,3.5,
270,271,4.5,
270,167,4.5,
270,79,3.5,
270,280,3.5,
270,328,3.5,
270,229,4.5,
270,337,4.0,
270,161,4.0,
270,325,4.5,
270,126,3.5,
270,170,3.0,
270,89,3.5,
270,239,3.5,
270,107,3.0,
270,231,3.0,
270,206,3.5,
270,258,4.0,
270,8,2.5,
270,356,3.5,
270,330,4.5,
270,348,2.5,
270,291,4.5,
270,77,2.5,
270,287,3.5,
270,210,2.0,
271,28,5.0,
271,288,5.0,
271,167,3.5,
271,267,4.0,
271,247,4.0,
271,376,2.5,
271,188,4.5,
271,276,4.0,
271,250,4.5,
271,365,3.0,
271,211,5.0,
271,305,4.0,
271,266,2.5,
271,121,2.5,
271,165,4.0,
271,299,3.5,
271,2,3.0,
271,157,4.0,
271,7,4.0,
271,52,4.0,
271,164,3.0,
271,336,4.0,
271,378,4.0,
271,323,3.0,
271,340,4.0,
271,297,4.0,
271,339,2.5,
271,231,3.0,
271,389,4.0,
271,207,4.5,
271,134,1.5,
271,357,4.5,
271,43,3.5,
271,49,5.0,
271,275,2.0,
271,93,3.0,
271,94,4.5,
271,22,4.5,
271,62,5.0,
271,236,4.5,
271,59,4.0,
271,69,4.5,
271,379,5.0,
271,286,4.5,
271,187,3.5,
271,242,4.5,
271,181,4.0,
271,42,5.0,
271,364,3.5,
271,193,4.5,
271,248,4.5,
271,124,3.0,
272,220,3.0,
272,202,3.5,
272,268,3.0,
272,27,3.0,
272,235,3.5,
272,237,4.0,
272,341,3.0,
272,203,4.0,
272,289,3.5,
272,243,2.0,
272,346,2.5,
272,56,4.0,
272,151,4.0,
272,297,3.0,
272,10,2.5,
272,239,4.5,
272,90,4.0,
272,359,2.0,
272,285,3.5,
272,137,3.5,
272,41,3.0,
272,320,3.5,
272,337,2.5,
272,257,4.0,
272,298,4.5,
272,354,3.0,
272,9,3.5,
273,327,2.5,
273,213,2.0,
273,78,3.5,
273,282,1.5,
273,158,2.5,
273,90,2.5,
273,41,2.5,
273,125,4.0,
273,203,3.0,
273,92,2.0,
273,61,3.0,
273,265,3.0,
273,172,3.5,
273,115,3.0,
273,273,4.0,
273,176,3.5,
273,4,3.0,
273,233,4.0,
273,294,5.0,
273,372,3.5,
273,197,2.0,
274,105,5.0,
274,338,3.5,
274,47,3.5,
274,92,3.5,
274,216,4.5,
274,113,3.5,
274,231,4.0,
274,97,3.5,
274,23,3.0,
274,156,3.0,
274,214,2.5,
274,74,3.5,
274,26,4.0,
274,53,4.0,
274,166,3.0,
274,265,4.5,
274,273,2.5,
274,239,4.5,
274,184,2.5,
274,244,3.0,
274,141,2.0,
274,208,2.5,
274,183,3.5,
274,72,3.5,
274,61,4.5,
274,144,4.5,
274,133,3.0,
274,46,3.5,
274,68,2.0,
274,153,3.0,
274,78,3.5,
274,213,1.5,
274,361,2.0,
274,40,3.5,
274,373,2.5,
274,270,3.0,
274,177,4.0,
274,151,3.0,
274,171,2.5,
274,274,4.5,
274,142,5.0,
274,352,4.0,
274,118,3.5,
274,130,4.5,
274,334,2.5,
274,242,4.5,
274,343,4.0,
274,344,2.5,
274,123,3.5,
274,369,3.0,
274,282,3.0,
274,223,1.5,
274,148,4.0,
274,356,2.5,
274,267,3.5,
274,243,3.5,
274,82,4.0,
274,121,4.0,
274,286,3.0,
274,322,4.5,
274,120,2.5,
274,69,4.5,
274,8,4.0,
274,39,2.0,
274,353,4.0,
274,196,2.5,
274,58,2.5,
275,90,4.5,
275,212,2.5,
275,86,4.0,
275,100,4.5,
275,383,3.0,
275,209,2.5,
275,84,3.0,
275,205,3.0,
275,329,3.0,
275,252,3.0,
275,372,3.5,
275,389,4.0,
275,345,3.5,
275,272,4.0,
275,17,4.0,
275,292,3.0,
275,75,3.0,
275,249,3.5,
275,380,4.0,
275,31,3.0,
275,85,5.0,
275,175,2.5,
275,313,2.5,
275,35,2.0,
275,29,3.5,
275,250,2.5,
275,61,3.0,
275,73,3.0,
275,103,3.5,
275,366,4.0,
275,144,3.0,
275,150,3.0,
275,141,2.5,
275,92,4.5,
275,187,3.5,
275,248,2.0,
275,106,2.5,
275,285,4.0,
275,89,2.5,
275,364,3.0,
275,151,3.5,
275,104,3.0,
275,199,3.5,
275,214,3.0,
275,95,3.5,
275,288,2.5,
275,40,1.5,
276,271,3.5,
276,330,4.5,
276,213,4.5,
276,277,3.0,
276,379,3.0,
276,45,3.5,
276,125,3.5,
276,255,3.5,
276,244,3.0,
276,343,1.0,
276,242,3.5,
276,51,3.0,
276,246,3.0,
276,127,3.5,
276,38,2.0,
276,339,3.5,
276,169,2.5,
276,41,2.0,
276,56,3.5,
276,101,3.5,
276,83,1.5,
276,102,2.0,
276,72,2.0,
276,60,2.0,
276,289,2.5,
276,248,3.5,
276,167,3.5,
276,317,2.5,
277,389,3.0,
277,375,4.0,
277,263,3.5,
277,83,4.5,
277,327,4.5,
277,255,2.5,
277,274,3.0,
277,1,3.0,
277,185,3.5,
277,388,3.0,
277,212,2.5,
277,91,4.0,
277,207,3.5,
277,28,2.5,
277,186,3.0,
277,338,2.5,
277,24,2.0,
277,16,2.0,
277,291,2.5,
278,273,3.0,
278,19,3.5,
278,388,4.0,
278,322,5.0,
278,254,3.5,
278,99,4.0,
278,365,2.0,
278,327,4.5,
278,33,5.0,
278,301,3.0,
278,217,4.5,
278,233,3.5,
278,338,3.0,
278,277,3.5,
278,184,3.5,
278,95,4.0,
278,103,3.5,
278,306,5.0,
278,113,3.5,
278,375,4.0,
278,366,4.0,
278,20,4.0,
278,74,3.5,
278,12,4.0,
278,204,4.5,
278,26,4.5,
278,263,2.5,
278,131,4.5,
278,337,3.5,
278,94,5.0,
278,332,4.5,
278,367,4.5,
279,344,3.5,
279,267,4.0,
279,230,3.5,
279,173,3.5,
279,92,4.0,
279,374,3.0,
279,53,3.5,
279,134,5.0,
279,238,3.0,
279,196,3.5,
279,260,3.5,
279,239,4.5,
279,158,4.0,
279,144,4.5,
279,312,4.5,
279,197,5.0,
279,12,2.5,
279,202,5.0,
279,229,5.0,
279,289,5.0,
279,248,3.5,
279,117,4.0,
279,54,3.0,
279,159,2.5,
279,293,4.0,
279,153,3.5,
279,245,3.5,
279,59,3.0,
279,127,4.0,
279,244,4.0,
279,67,4.0,
279,136,3.0,
279,203,3.0,
279,373,4.0,
280,367,3.0,
280,202,5.0,
280,49,3.5,
280,275,4.5,
280,113,4.0,
280,130,2.5,
280,328,2.5,
280,63,2.5,
280,253,5.0,
280,114,5.0,
280,14,5.0,
280,238,2.0,
280,104,2.5,
280,123,4.5,
280,143,3.0,
280,154,4.5,
280,273,3.5,
280,52,3.5,
280,319,2.5,
280,316,3.5,
280,370,4.0,
280,30,3.0,
280,229,4.0,
280,99,3.0,
280,107,3.0,
280,342,3.5,
280,109,4.0,
280,382,4.5,
280,244,5.0,
280,381,4.5,
280,68,4.0,
280,378,5.0,
280,263,4.0,
280,336,4.5,
280,156,4.5,
280,72,4.0,
280,73,4.0,
280,326,3.5,
280,54,3.5,
280,208,3.5,
280,108,4.5,
280,276,3.0,
280,298,4.0,
280,354,4.0,
280,184,2.5,
281,306,3.0,
281,327,4.0,
281,153,4.0,
281,14,3.5,
281,144,3.5,
281,123,5.0,
281,38,3.5,
281,278,3.5,
281,51,3.0,
281,26,3.5,
281,291,4.0,
281,382,4.5,
281,48,3.5,
281,196,4.0,
281,60,3.0,
281,302,2.0,
281,28,4.5,
281,357,3.0,
281,87,1.5,
281,27,5.0,
281,114,4.5,
281,188,3.5,
281,259,3.0,
281,265,2.5,
281,383,3.5,
281,380,4.0,
281,239,3.5,
281,367,3.5,
281,138,5.0,
281,119,2.5,
281,2,4.0,
281,206,4.0,
281,147,3.5,
281,149,4.5,
281,389,4.5,
281,12,4.0,
281,64,3.0,
281,130,2.5,
281,275,2.5,
281,310,4.5,
281,53,5.0,
281,52,4.0,
281,74,3.5,
281,198,3.5,
281,200,4.0,
281,192,4.5,
281,55,2.0,
281,211,3.5,
281,199,3.0,
281,73,3.5,
281,273,2.0,
281,303,3.0,
281,40,2.5,
281,42,4.0,
281,326,3.5,
281,349,3.5,
281,242,4.0,
281,1,3.0,
281,308,4.5,
281,360,3.5,
281,191,4.0,
281,184,4.5,
281,36,3.5,
282,354,4.5,
282,383,3.0,
282,218,3.0,
282,54,2.5,
282,334,2.5,
282,11,3.0,
282,137,3.5,
282,386,1.0,
282,324,2.5,
282,131,5.0,
282,1,4.5,
282,271,4.0,
282,179,3.5,
282,343,2.0,
282,330,3.0,
282,96,3.0,
282,37,2.5,
282,280,2.5,
282,65,3.0,
282,18,2.5,
282,145,2.5,
282,22,2.5,
283,152,3.5,
283,47,4.5,
283,97,5.0,
283,383,3.0,
283,19,5.0,
283,63,2.0,
283,217,3.5,
283,205,4.0,
283,130,4.0,
283,88,4.5,
283,178,2.5,
283,3,4.5,
283,276,3.0,
283,340,4.5,
283,159,3.0,
283,170,4.0,
283,2,5.0,
283,203,3.5,
283,388,4.0,
283,224,4.0,
283,261,3.5,
283,24,4.0,
283,375,2.5,
283,42,4.5,
283,138,3.5,
283,377,4.0,
283,343,4.5,
283,118,3.5,
283,135,4.0,
283,176,2.0,
283,81,5.0,
283,55,5.0,
283,240,3.5,
283,58,5.0,
283,162,4.0,
283,149,2.0,
283,275,3.0,
283,190,4.5,
283,150,3.5,
283,321,3.5,
283,66,4.0,
283,341,4.5,
283,248,3.5,
283,80,5.0,
283,329,4.0,
283,245,4.0,
283,125,4.0,
283,13,3.0,
283,187,3.5,
283,27,2.5,
283,228,3.0,
283,312,3.0,
283,246,3.5,
283,38,3.0,
283,235,3.5,
283,226,4.0,
283,183,3.5,
283,82,4.0,
283,259,5.0,
283,374,3.5,
283,373,3.5,
284,354,3.5,
284,383,4.0,
284,373,5.0,
284,155,4.5,
284,88,4.5,
284,129,3.0,
284,229,4.5,
284,303,4.0,
284,248,5.0,
284,196,3.0,
284,190,3.0,
284,42,4.5,
284,20,4.5,
284,50,4.5,
284,11,5.0,
284,94,3.5,
284,84,3.5,
284,55,2.5,
284,283,3.5,
284,205,3.5,
284,255,4.0,
284,219,4.5,
284,8,3.5,
284,382,5.0,
284,305,4.0,
284,246,5.0,
284,60,4.0,
284,192,4.5,
284,330,2.5,
284,81,5.0,
284,263,3.5,
284,238,5.0,
284,325,3.5,
284,221,3.5,
284,87,4.5,
285,129,3.0,
285,130,2.5,
285,251,3.0,
285,182,2.5,
285,151,2.0,
285,374,2.5,
285,32,2.5,
285,238,2.0,
285,44,2.0,
285,368,2.5,
285,282,3.5,
285,323,3.0,
285,304,0.5,
285,76,4.0,
285,348,2.5,
285,301,4.0,
285,92,3.5,
285,107,3.0,
285,140,3.0,
285,168,2.0,
285,267,3.5,
285,104,4.5,
285,137,2.5,
285,35,2.5,
285,36,4.5,
285,56,3.0,
285,159,2.0,
285,219,2.0,
285,194,4.5,
285,334,3.5,
285,280,2.0,
285,25,3.5,
285,84,2.5,
285,185,1.5,
285,359,3.0,
285,310,3.0,
285,166,2.0,
285,302,2.0,
285,31,2.0,
285,263,3.0,
285,341,3.0,
285,142,2.0,
285,358,2.5,
285,375,2.5,
286,96,2.5,
286,369,4.5,
286,83,2.5,
286,114,4.0,
286,358,3.0,
286,213,4.5,
286,166,3.0,
286,90,2.0,
286,172,4.5,
286,38,4.5,
286,182,4.5,
286,202,4.0,
286,197,4.0,
286,62,4.5,
286,296,5.0,
286,59,4.0,
286,169,3.5,
286,142,2.0,
286,33,4.0,
286,56,5.0,
286,219,4.5,
286,146,5.0,
286,259,4.5,
286,5,4.0,
286,292,3.0,
286,52,3.5,
286,143,3.0,
286,40,4.5,
286,54,5.0,
286,107,5.0,
286,209,3.0,
286,365,3.5,
286,367,2.5,
286,298,3.0,
286,17,3.0,
286,247,5.0,
286,316,3.5,
286,362,3.0,
286,245,3.5,
286,256,5.0,
286,222,4.0,
286,32,3.0,
286,217,5.0,
286,384,4.5,
286,198,3.5,
287,288,4.5,
287,43,4.0,
287,139,3.5,
287,370,5.0,
287,67,3.0,
287,227,4.5,
287,157,4.5,
287,295,4.0,
287,127,4.5,
287,359,5.0,
287,271,3.5,
287,196,4.5,
287,361,4.0,
287,9,3.5,
287,379,3.0,
287,83,3.5,
287,386,4.5,
287,304,4.0,
287,358,4.5,
287,376,4.5,
287,356,4.0,
287,64,4.5,
287,36,5.0,
287,143,5.0,
287,72,2.5,
287,42,5.0,
287,101,4.5,
287,349,3.5,
287,265,3.5,
287,238,5.0,
287,93,4.5,
287,233,4.5,
287,165,3.5,
287,317,4.0,
287,119,3.5,
287,102,4.5,
288,13,2.0,
288,204,2.5,
288,108,3.0,
288,376,3.5,
288,349,4.0,
288,279,2.0,
288,85,5.0,
288,241,3.5,
288,45,2.0,
288,105,4.0,
288,206,3.5,
288,31,2.5,
288,350,2.5,
288,63,4.0,
288,265,3.0,
288,317,2.5,
288,256,3.5,
288,321,2.0,
288,328,4.5,
288,70,3.5,
288,343,3.5,
288,230,2.0,
288,60,2.5,
288,263,4.0,
288,339,2.5,
288,124,2.5,
288,261,2.5,
288,272,2.5,
288,262,3.5,
288,51,2.5,
288,172,3.0,
288,129,4.0,
288,234,3.5,
288,69,4.5,
288,377,2.5,
288,192,2.0,
288,56,4.0,
288,196,3.5,
288,217,3.0,
288,186,3.0,
288,47,2.5,
288,146,1.5,
288,235,4.0,
288,300,4.0,
288,41,2.5,
288,381,2.0,
289,333,4.0,
289,51,3.5,
289,254,4.0,
289,315,4.0,
289,171,3.0,
289,67,2.5,
289,160,4.0,
289,338,2.5,
289,64,4.5,
289,326,4.0,
289,211,3.0,
289,226,1.5,
289,159,3.5,
289,92,5.0,
289,313,3.0,
289,382,2.5,
289,343,3.5,
289,356,3.5,
289,10,4.0,
289,247,3.0,
289,307,2.5,
289,57,4.5,
289,208,2.0,
289,303,4.0,
289,341,4.0,
289,276,4.0,
289,381,2.5,
289,327,2.5,
289,135,3.5,
289,352,2.5,
289,6,2.5,
289,138,3.0,
289,360,3.0,
289,107,4.0,
289,72,2.5,
289,12,4.5,
289,48,1.0,
289,330,4.0,
289,80,4.0,
289,260,4.5,
289,177,3.0,
289,151,3.0,
289,161,4.5,
289,163,2.0,
289,111,3.0,
289,288,2.5,
289,264,4.0,
289,119,3.5,
289,137,2.0,
289,109,2.5,
289,30,3.0,
289,143,3.5,
289,158,2.0,
289,7,4.5,
289,132,3.5,
290,181,4.0,
290,331,2.5,
290,372,3.5,
290,365,3.0,
290,124,5.0,
290,112,3.0,
290,339,3.0,
290,88,2.5,
290,238,4.5,
290,183,3.0,
290,179,2.0,
290,232,4.0,
290,47,4.0,
290,357,3.0,
290,381,2.5,
290,223,3.5,
290,225,3.0,
290,318,3.0,
290,335,3.5,
290,295,4.0,
290,30,3.5,
290,104,2.5,
290,154,1.5,
290,227,3.5,
290,25,1.5,
290,366,3.0,
290,289,3.5,
290,251,3.5,
290,66,3.0,
290,34,3.5,
290,107,3.5,
290,273,2.0,
290,325,2.5,
290,377,4.0,
290,140,3.5,
290,368,3.0,
290,345,4.0,
290,307,4.5,
290,343,3.0,
290,171,4.0,
290,290,3.0,
290,113,2.0,
290,110,3.5,
290,352,4.0,
290,314,3.0,
290,56,4.5,
290,38,3.0,
290,101,4.0,
290,354,4.0,
290,243,3.5,
290,74,5.0,
290,51,4.5,
290,247,2.0,
290,213,1.5,
290,303,3.5,
290,254,1.5,
290,49,3.5,
290,349,4.0,
290,317,4.0,
290,284,3.0,
290,48,4.5,
290,111,3.0,
290,288,3.5,
290,239,3.0,
290,36,4.0,
290,275,2.5,
290,248,3.0,
290,291,4.0,
290,202,5.0,
291,369,3.5,
291,127,3.0,
291,216,4.5,
291,78,2.0,
291,353,2.5,
291,158,3.5,
291,218,5.0,
291,223,2.5,
291,315,3.5,
291,244,3.0,
291,229,2.5,
291,33,3.5,
291,344,3.5,
291,9,1.5,
291,162,2.5,
291,287,2.5,
291,180,3.0,
291,366,2.5,
291,156,5.0,
291,79,3.0,
291,8,3.0,
291,95,5.0,
291,106,3.0,
291,354,3.5,
291,275,3.5,
291,155,5.0,
291,389,3.5,
291,25,3.0,
291,257,3.0,
291,172,4.0,
291,102,4.0,
291,254,4.5,
291,325,3.0,
291,265,2.5,
291,217,3.5,
291,29,4.0,
291,375,4.5,
291,179,3.5,
291,333,4.5,
291,300,2.5,
291,357,3.5,
291,219,2.5,
291,26,3.5,
291,44,4.5,
291,271,4.0,
291,6,3.0,
292,35,4.0,
292,106,3.0,
292,374,4.0,
292,133,3.5,
292,272,4.5,
292,223,2.5,
292,165,3.0,
292,29,3.5,
292,73,3.5,
292,95,1.5,
292,222,3.5,
292,285,3.5,
292,130,3.0,
292,196,5.0,
292,284,3.5,
292,9,2.5,
292,383,4.5,
292,28,3.0,
292,23,3.5,
292,310,3.5,
292,249,4.5,
292,144,3.0,
292,340,2.5,
292,355,2.5,
292,234,3.0,
292,86,3.5,
292,156,3.0,
292,120,3.0,
292,288,2.5,
292,81,4.5,
292,357,2.5,
292,87,1.5,
292,77,3.0,
293,74,4.5,
293,288,3.5,
293,212,2.5,
293,36,4.5,
293,270,4.0,
293,289,2.5,
293,168,2.5,
293,192,2.0,
293,195,3.0,
293,104,4.5,
293,24,2.5,
293,206,3.5,
293,351,3.5,
293,187,2.0,
293,231,4.0,
293,256,3.0,
293,141,3.0,
293,294,3.0,
293,174,3.0,
293,12,4.0,
293,360,2.5,
293,170,3.5,
293,328,3.5,
293,282,2.5,
293,125,3.5,
293,307,2.5,
293,290,3.5,
293,365,1.5,
293,22,4.5,
293,151,3.0,
293,240,3.5,
293,159,3.5,
293,110,3.0,
293,13,2.5,
293,246,3.5,
293,71,4.0,
293,369,3.5,
293,132,3.0,
293,119,4.5,
293,242,4.5,
293,358,3.0,
293,131,3.5,
293,348,3.5,
293,209,4.5,
293,247,4.0,
293,210,4.0,
293,92,4.5,
293,291,3.5,
293,191,4.0,
293,327,3.5,
293,109,3.0,
293,387,2.0,
293,56,2.5,
293,258,2.0,
293,284,3.5,
293,334,3.5,
293,301,2.5,
293,127,2.5,
293,272,3.0,
293,165,4.5,
293,7,3.0,
294,226,3.0,
294,339,3.5,
294,222,3.0,
294,96,4.5,
294,239,3.5,
294,252,3.0,
294,220,3.0,
294,10,3.5,
294,158,3.5,
294,263,4.5,
294,161,3.0,
294,18,3.0,
294,122,3.5,
294,43,2.5,
294,328,4.0,
294,307,4.5,
294,49,5.0,
294,120,2.0,
294,255,3.0,
294,228,4.0,
294,192,4.0,
294,338,3.0,
294,320,3.5,
294,7,4.0,
294,259,3.5,
294,176,3.0,
294,293,3.0,
294,213,4.0,
294,196,4.5,
294,86,5.0,
294,271,3.5,
294,298,3.0,
294,40,2.5,
294,352,3.5,
294,89,3.5,
294,206,3.5,
294,8,3.0,
294,27,5.0,
294,68,4.5,
294,125,4.5,
294,144,3.5,
294,219,3.5,
294,313,3.0,
294,253,3.5,
294,143,4.5,
294,294,3.0,
294,5,3.5,
294,72,3.5,
294,128,3.0,
294,296,4.0,
294,153,3.5,
294,364,3.5,
294,229,4.5,
294,245,3.5,
294,368,5.0,
294,230,2.5,
294,149,4.5,
294,379,4.0,
294,93,4.0,
294,306,3.0,
294,301,4.0,
294,69,2.5,
294,41,4.0,
294,243,3.0,
294,231,4.5,
294,234,2.5,
294,356,3.0,
294,47,3.0,
294,71,3.5,
294,201,3.5,
294,215,4.0,
294,98,3.0,
294,127,5.0,
295,251,4.0,
295,24,4.0,
295,48,2.5,
295,261,3.0,
295,355,3.0,
295,52,2.5,
295,147,3.0,
295,64,5.0,
295,177,3.0,
295,171,2.5,
295,217,4.0,
295,19,4.0,
295,202,5.0,
295,205,3.5,
295,55,1.5,
295,300,3.0,
295,246,3.0,
295,367,2.5,
295,18,3.0,
295,242,3.5,
295,240,3.5,
295,387,2.5,
295,325,4.0,
295,209,5.0,
295,280,4.0,
295,252,4.5,
295,220,3.5,
295,331,2.5,
295,157,4.0,
295,120,3.0,
295,270,2.5,
295,132,3.5,
295,386,4.0,
295,151,3.5,
295,129,5.0,
295,301,4.5,
295,150,3.0,
295,174,3.0,
295,192,5.0,
295,134,3.5,
295,214,4.0,
295,73,4.0,
295,159,2.0,
295,140,2.0,
295,329,4.5,
295,133,2.5,
295,125,3.5,
295,334,2.5,
295,72,3.5,
296,23,3.5,
296,196,3.5,
296,372,2.5,
296,136,2.5,
296,379,1.5,
296,71,2.0,
296,251,4.5,
296,289,4.0,
296,313,4.5,
296,88,2.5,
296,318,3.5,
296,118,3.5,
296,43,2.5,
296,222,3.5,
296,257,4.5,
296,8,4.0,
296,128,3.5,
296,70,4.0,
297,198,2.0,
297,181,2.0,
297,215,2.5,
297,107,4.0,
297,315,3.0,
297,308,4.0,
297,316,3.0,
297,31,3.0,
297,297,3.0,
297,170,3.5,
297,21,3.0,
297,119,3.0,
297,379,3.5,
297,262,3.0,
297,351,2.5,
297,127,2.5,
297,359,3.5,
297,330,1.0,
297,157,2.0,
297,43,4.0,
297,191,3.5,
297,47,3.0,
297,337,4.0,
297,387,3.0,
297,25,3.0,
297,83,3.5,
297,370,2.5,
297,192,3.0,
297,338,2.5,
297,71,3.5,
297,285,3.0,
297,251,3.0,
297,86,3.0,
297,364,2.5,
297,132,3.0,
297,2,3.0,
297,212,4.0,
298,14,3.0,
298,303,5.0,
298,157,3.5,
298,388,4.5,
298,322,4.5,
298,186,3.5,
298,375,3.5,
298,46,3.5,
298,11,3.5,
298,104,2.5,
298,247,2.5,
298,69,3.0,
298,364,4.0,
298,3,5.0,
298,63,4.0,
298,86,3.5,
298,313,3.0,
298,227,2.5,
298,21,4.0,
298,199,4.0,
298,383,4.5,
298,285,3.5,
298,241,3.0,
298,131,3.0,
298,68,3.0,
298,300,2.5,
298,41,4.0,
298,260,3.5,
298,33,4.5,
298,67,3.5,
298,164,2.0,
298,281,3.5,
298,54,3.0,
298,370,3.0,
298,253,2.0,
298,233,2.5,
298,235,5.0,
298,262,2.5,
298,182,3.5,
298,50,3.0,
298,95,2.0,
298,117,3.0,
298,176,4.0,
298,105,3.0,
298,225,5.0,
298,109,2.5,
298,256,3.5,
298,77,2.0,
298,125,3.5,
298,315,4.5,
298,129,4.0,
298,44,1.5,
298,20,4.0,
298,248,3.0,
298,43,2.5,
298,305,4.0,
298,133,4.0,
298,29,3.5,
298,286,3.5,
298,144,4.5,
298,135,4.5,
298,332,3.5,
298,226,4.0,
298,333,4.0,
298,172,5.0,
298,93,2.5,
298,49,4.5,
298,82,3.5,
298,180,5.0,
298,89,3.5,
298,362,4.0,
299,129,3.0,
299,350,4.0,
299,146,3.0,
299,84,5.0,
299,103,2.0,
299,278,3.5,
299,59,2.0,
299,34,2.5,
299,143,3.5,
299,77,3.5,
299,349,3.0,
299,372,2.5,
299,25,4.0,
299,60,4.0,
299,49,2.5,
299,365,3.0,
299,250,3.5,
299,174,3.0,
299,157,3.0,
299,132,3.0,
299,169,2.5,
299,299,1.0,
299,226,2.5,
299,179,3.5,
299,201,2.0,
299,172,3.5,
299,130,3.5,
299,68,5.0,
299,56,3.0,
299,51,4.0,
299,156,3.5,
299,281,1.5,
299,314,2.5,
299,35,3.0,
299,240,4.5,
299,20,3.5,
299,107,3.0,
299,384,3.5,
299,120,2.5,
299,239,3.0,
299,380,2.0,
299,235,3.0,
299,197,4.0,
299,9,4.5,
299,16,5.0,
299,267,5.0,
299,95,2.5,
299,354,5.0,
299,136,4.0,
299,161,4.0,
299,186,4.0,
299,131,2.5,
299,337,4.0,
299,97,1.5,
299,334,2.5,
299,260,2.5,
299,247,4.5,
299,286,4.0,
299,243,3.0,
300,186,3.5,
300,70,2.0,
300,240,3.5,
300,327,3.5,
300,189,3.0,
300,349,4.0,
300,221,3.5,
300,93,2.5,
300,282,3.5,
300,44,2.0,
300,121,3.0,
300,257,4.0,
300,281,3.0,
300,138,3.0,
300,306,3.5,
300,308,3.5,
300,245,3.0,
300,144,4.0,
300,29,3.5,
300,270,2.5,
300,365,5.0,
300,81,2.5,
300,127,4.0,
300,184,3.5,
300,117,5.0,
300,305,2.5,
300,227,3.5,
300,389,4.0,
300,339,4.5,
300,204,3.0,
300,61,4.0,
300,42,3.0,
3,390,3.5,1600000000.0
11,390,4.0,1600000000.0
12,390,5.0,1600000000.0
13,390,4.0,1600000000.0
16,390,5.0,1600000000.0
20,390,4.0,1600000000.0
27,390,4.0,1600000000.0
33,390,4.5,1600000000.0
35,390,4.0,1600000000.0
38,390,4.0,1600000000.0
42,390,5.0,1600000000.0
45,390,4.5,1600000000.0
47,390,4.5,1600000000.0
49,390,4.0,1600000000.0
53,390,3.5,1600000000.0
54,390,5.0,1600000000.0
62,390,4.5,1600000000.0
67,390,4.0,1600000000.0
68,390,5.0,1600000000.0
70,390,3.5,1600000000.0
71,390,5.0,1600000000.0
75,390,5.0,1600000000.0
84,390,3.5,1600000000.0
85,390,5.0,1600000000.0
92,390,4.0,1600000000.0
95,390,4.0,1600000000.0
96,390,4.0,1600000000.0
97,390,4.0,1600000000.0
100,390,4.5,1600000000.0
2,391,4.5,1600000000.0
6,391,3.5,1600000000.0
8,391,5.0,1600000000.0
9,391,5.0,1600000000.0
16,391,4.0,1600000000.0
17,391,3.5,1600000000.0
20,391,4.0,1600000000.0
23,391,4.5,1600000000.0
30,391,3.5,1600000000.0
32,391,5.0,1600000000.0
33,391,4.0,1600000000.0
35,391,4.0,1600000000.0
36,391,4.0,1600000000.0
37,391,4.0,1600000000.0
38,391,4.0,1600000000.0
39,391,4.0,1600000000.0
41,391,4.0,1600000000.0
43,391,4.5,1600000000.0
46,391,5.0,1600000000.0
48,391,4.5,1600000000.0
57,391,4.0,1600000000.0
58,391,4.5,1600000000.0
59,391,4.0,1600000000.0
60,391,5.0,1600000000.0
65,391,4.0,1600000000.0
67,391,5.0,1600000000.0
69,391,4.5,1600000000.0
73,391,4.0,1600000000.0
77,391,4.5,1600000000.0
83,391,3.5,1600000000.0
86,391,4.5,1600000000.0
94,391,4.0,1600000000.0
96,391,3.5,1600000000.0
98,391,4.0,1600000000.0
100,391,4.5,1600000000.0
5,392,5.0,1600000000.0
6,392,4.5,1600000000.0
13,392,5.0,1600000000.0
21,392,4.0,1600000000.0
31,392,4.0,1600000000.0
33,392,4.5,1600000000.0
34,392,4.5,1600000000.0
35,392,4.0,1600000000.0
40,392,5.0,1600000000.0
41,392,4.5,1600000000.0
42,392,5.0,1600000000.0
43,392,3.5,1600000000.0
45,392,4.0,1600000000.0
50,392,5.0,1600000000.0
52,392,4.0,1600000000.0
53,392,4.0,1600000000.0
55,392,3.5,1600000000.0
59,392,4.0,1600000000.0
61,392,5.0,1600000000.0
64,392,5.0,1600000000.0
65,392,4.0,1600000000.0
67,392,5.0,1600000000.0
70,392,4.0,1600000000.0
75,392,5.0,1600000000.0
76,392,3.5,1600000000.0
77,392,4.5,1600000000.0
85,392,3.5,1600000000.0
87,392,5.0,1600000000.0
88,392,3.5,1600000000.0
91,392,4.0,1600000000.0
94,392,4.0,1600000000.0
98,392,4.0,1600000000.0
2,393,5.0,1600000000.0
7,393,4.0,1600000000.0
8,393,4.0,1600000000.0
10,393,5.0,1600000000.0
14,393,5.0,1600000000.0
15,393,3.5,1600000000.0
22,393,5.0,1600000000.0
23,393,5.0,1600000000.0
25,393,5.0,1600000000.0
29,393,4.0,1600000000.0
32,393,5.0,1600000000.0
36,393,5.0,1600000000.0
38,393,4.5,1600000000.0
39,393,5.0,1600000000.0
49,393,4.5,1600000000.0
50,393,4.0,1600000000.0
51,393,4.0,1600000000.0
53,393,4.0,1600000000.0
54,393,4.5,1600000000.0
55,393,3.5,1600000000.0
62,393,5.0,1600000000.0
67,393,4.5,1600000000.0
68,393,4.0,1600000000.0
73,393,3.5,1600000000.0
76,393,3.5,1600000000.0
80,393,5.0,1600000000.0
85,393,5.0,1600000000.0
86,393,4.0,1600000000.0
92,393,3.5,1600000000.0
95,393,4.0,1600000000.0
98,393,4.0,1600000000.0
1,394,4.0,1600000000.0
3,394,4.0,1600000000.0
6,394,3.5,1600000000.0
8,394,5.0,1600000000.0
15,394,4.0,1600000000.0
17,394,4.0,1600000000.0
18,394,4.0,1600000000.0
22,394,4.0,1600000000.0
25,394,4.5,1600000000.0
28,394,4.0,1600000000.0
31,394,5.0,1600000000.0
33,394,4.5,1600000000.0
37,394,3.5,1600000000.0
40,394,5.0,1600000000.0
41,394,5.0,1600000000.0
47,394,4.0,1600000000.0
51,394,5.0,1600000000.0
52,394,5.0,1600000000.0
53,394,4.5,1600000000.0
57,394,5.0,1600000000.0
58,394,5.0,1600000000.0
60,394,5.0,1600000000.0
63,394,4.0,1600000000.0
66,394,5.0,1600000000.0
69,394,5.0,1600000000.0
70,394,5.0,1600000000.0
72,394,3.5,1600000000.0
73,394,5.0,1600000000.0
78,394,4.5,1600000000.0
80,394,4.5,1600000000.0
82,394,4.0,1600000000.0
86,394,5.0,1600000000.0
88,394,3.5,1600000000.0
90,394,4.5,1600000000.0
92,394,4.0,1600000000.0
93,394,3.5,1600000000.0
94,394,4.0,1600000000.0
97,394,5.0,1600000000.0
1,395,4.5,1600000000.0
8,395,4.0,1600000000.0
13,395,4.0,1600000000.0
14,395,4.5,1600000000.0
20,395,5.0,1600000000.0
21,395,4.0,1600000000.0
24,395,5.0,1600000000.0
28,395,4.5,1600000000.0
36,395,5.0,1600000000.0
38,395,3.5,1600000000.0
54,395,5.0,1600000000.0
65,395,3.5,1600000000.0
70,395,4.0,1600000000.0
76,395,5.0,1600000000.0
78,395,5.0,1600000000.0
79,395,4.0,1600000000.0
86,395,5.0,1600000000.0
91,395,4.0,1600000000.0
93,395,3.5,1600000000.0
95,395,3.5,1600000000.0
1,396,5.0,1600000000.0
6,396,4.0,1600000000.0
7,396,4.5,1600000000.0
13,396,4.5,1600000000.0
16,396,4.0,1600000000.0
27,396,5.0,1600000000.0
30,396,3.5,1600000000.0
35,396,4.0,1600000000.0
37,396,5.0,1600000000.0
38,396,5.0,1600000000.0
39,396,4.0,1600000000.0
40,396,4.0,1600000000.0
44,396,3.5,1600000000.0
45,396,4.5,1600000000.0
55,396,4.0,1600000000.0
59,396,3.5,1600000000.0
60,396,5.0,1600000000.0
65,396,4.0,1600000000.0
66,396,3.5,1600000000.0
68,396,3.5,1600000000.0
70,396,3.5,1600000000.0
73,396,5.0,1600000000.0
77,396,5.0,1600000000.0
79,396,4.0,1600000000.0
82,396,3.5,1600000000.0
83,396,4.5,1600000000.0
84,396,5.0,1600000000.0
85,396,5.0,1600000000.0
95,396,4.5,1600000000.0
100,396,4.0,1600000000.0
2,397,5.0,1600000000.0
3,397,4.0,1600000000.0
6,397,4.5,1600000000.0
23,397,4.0,1600000000.0
25,397,4.0,1600000000.0
26,397,5.0,1600000000.0
27,397,4.0,1600000000.0
29,397,4.0,1600000000.0
37,397,3.5,1600000000.0
38,397,4.5,1600000000.0
39,397,5.0,1600000000.0
41,397,4.0,1600000000.0
44,397,5.0,1600000000.0
46,397,3.5,1600000000.0
47,397,4.0,1600000000.0
48,397,5.0,1600000000.0
54,397,5.0,1600000000.0
59,397,4.5,1600000000.0
61,397,5.0,1600000000.0
62,397,3.5,1600000000.0
65,397,4.5,1600000000.0
66,397,4.0,1600000000.0
67,397,5.0,1600000000.0
71,397,4.0,1600000000.0
73,397,4.0,1600000000.0
77,397,4.0,1600000000.0
78,397,5.0,1600000000.0
79,397,4.0,1600000000.0
80,397,4.5,1600000000.0
81,397,5.0,1600000000.0
85,397,4.5,1600000000.0
86,397,5.0,1600000000.0
87,397,4.5,1600000000.0
92,397,4.0,1600000000.0
96,397,4.5,1600000000.0
98,397,4.0,1600000000.0
99,397,4.5,1600000000.0
100,397,4.0,1600000000.0
5,398,4.0,1600000000.0
6,398,4.0,1600000000.0
10,398,4.0,1600000000.0
13,398,4.0,1600000000.0
17,398,5.0,1600000000.0
18,398,4.0,1600000000.0
22,398,4.5,1600000000.0
27,398,5.0,1600000000.0
32,398,4.0,1600000000.0
37,398,5.0,1600000000.0
39,398,5.0,1600000000.0
42,398,5.0,1600000000.0
45,398,4.0,1600000000.0
49,398,5.0,1600000000.0
51,398,4.5,1600000000.0
52,398,3.5,1600000000.0
54,398,4.0,1600000000.0
55,398,5.0,1600000000.0
56,398,5.0,1600000000.0
61,398,4.0,1600000000.0
63,398,5.0,1600000000.0
72,398,5.0,1600000000.0
75,398,4.0,1600000000.0
79,398,5.0,1600000000.0
84,398,3.5,1600000000.0
86,398,4.5,1600000000.0
91,398,4.5,1600000000.0
93,398,4.0,1600000000.0
95,398,5.0,1600000000.0
99,398,5.0,1600000000.0
100,398,5.0,1600000000.0
8,399,4.0,1600000000.0
9,399,5.0,1600000000.0
11,399,5.0,1600000000.0
12,399,4.0,1600000000.0
17,399,5.0,1600000000.0
18,399,4.5,1600000000.0
21,399,4.0,1600000000.0
32,399,3.5,1600000000.0
33,399,4.5,1600000000.0
35,399,5.0,1600000000.0
36,399,4.0,1600000000.0
40,399,4.0,1600000000.0
41,399,3.5,1600000000.0
42,399,5.0,1600000000.0
45,399,3.5,1600000000.0
48,399,4.0,1600000000.0
54,399,4.0,1600000000.0
55,399,4.5,1600000000.0
57,399,4.5,1600000000.0
61,399,5.0,1600000000.0
62,399,3.5,1600000000.0
63,399,5.0,1600000000.0
64,399,5.0,1600000000.0
65,399,5.0,1600000000.0
66,399,5.0,1600000000.0
68,399,5.0,1600000000.0
72,399,4.0,1600000000.0
74,399,3.5,1600000000.0
78,399,4.0,1600000000.0
79,399,4.5,1600000000.0
80,399,5.0,1600000000.0
84,399,5.0,1600000000.0
88,399,5.0,1600000000.0
90,399,3.5,1600000000.0
98,399,5.0,1600000000.0
100,399,4.5,1600000000.0
1,400,4.0,1600000000.0
4,400,3.5,1600000000.0
6,400,3.5,1600000000.0
7,400,4.5,1600000000.0
9,400,4.0,1600000000.0
11,400,5.0,1600000000.0
18,400,3.5,1600000000.0
21,400,3.5,1600000000.0
27,400,5.0,1600000000.0
28,400,4.0,1600000000.0
34,400,3.5,1600000000.0
38,400,3.5,1600000000.0
39,400,4.0,1600000000.0
41,400,3.5,1600000000.0
45,400,5.0,1600000000.0
47,400,4.0,1600000000.0
49,400,5.0,1600000000.0
52,400,4.0,1600000000.0
53,400,5.0,1600000000.0
56,400,4.0,1600000000.0
58,400,5.0,1600000000.0
66,400,4.5,1600000000.0
70,400,4.0,1600000000.0
74,400,4.0,1600000000.0
76,400,3.5,1600000000.0
78,400,4.5,1600000000.0
79,400,4.0,1600000000.0
82,400,4.5,1600000000.0
83,400,3.5,1600000000.0
88,400,3.5,1600000000.0
93,400,3.5,1600000000.0
94,400,5.0,1600000000.0
95,400,4.5,1600000000.0
97,400,3.5,1600000000.0
100,400,5.0,1600000000.0
3,401,3.5,1600000000.0
4,401,4.0,1600000000.0
6,401,4.0,1600000000.0
7,401,4.5,1600000000.0
13,401,5.0,1600000000.0
16,401,4.5,1600000000.0
21,401,5.0,1600000000.0
22,401,3.5,1600000000.0
29,401,4.5,1600000000.0
31,401,4.0,1600000000.0
33,401,4.0,1600000000.0
39,401,5.0,1600000000.0
45,401,4.5,1600000000.0
57,401,5.0,1600000000.0
59,401,5.0,1600000000.0
60,401,4.0,1600000000.0
63,401,5.0,1600000000.0
65,401,5.0,1600000000.0
68,401,5.0,1600000000.0
70,401,3.5,1600000000.0
72,401,5.0,1600000000.0
74,401,5.0,1600000000.0
76,401,5.0,1600000000.0
78,401,5.0,1600000000.0
79,401,4.0,1600000000.0
80,401,4.0,1600000000.0
86,401,5.0,1600000000.0
94,401,5.0,1600000000.0
95,401,4.5,1600000000.0
97,401,5.0,1600000000.0
98,401,3.5,1600000000.0
100,401,4.0,1600000000.0
1,402,4.5,1600000000.0
3,402,4.0,1600000000.0
4,402,5.0,1600000000.0
6,402,4.5,1600000000.0
8,402,4.0,1600000000.0
9,402,5.0,1600000000.0
10,402,4.5,1600000000.0
11,402,4.5,1600000000.0
26,402,4.0,1600000000.0
29,402,5.0,1600000000.0
30,402,4.0,1600000000.0
43,402,4.0,1600000000.0
45,402,4.0,1600000000.0
48,402,5.0,1600000000.0
49,402,4.0,1600000000.0
56,402,4.5,1600000000.0
57,402,3.5,1600000000.0
58,402,5.0,1600000000.0
66,402,3.5,1600000000.0
69,402,4.0,1600000000.0
70,402,4.0,1600000000.0
73,402,4.0,1600000000.0
75,402,4.5,1600000000.0
76,402,5.0,1600000000.0
77,402,4.0,1600000000.0
83,402,4.0,1600000000.0
87,402,3.5,1600000000.0
93,402,5.0,1600000000.0
96,402,4.0,1600000000.0
4,403,4.0,1600000000.0
7,403,5.0,1600000000.0
8,403,4.5,1600000000.0
9,403,5.0,1600000000.0
13,403,4.0,1600000000.0
18,403,4.5,1600000000.0
20,403,4.0,1600000000.0
25,403,3.5,1600000000.0
28,403,4.0,1600000000.0
29,403,3.5,1600000000.0
30,403,3.5,1600000000.0
33,403,4.0,1600000000.0
34,403,5.0,1600000000.0
38,403,3.5,1600000000.0
40,403,5.0,1600000000.0
42,403,5.0,1600000000.0
43,403,4.0,1600000000.0
48,403,5.0,1600000000.0
51,403,4.0,1600000000.0
53,403,4.5,1600000000.0
55,403,5.0,1600000000.0
56,403,4.5,1600000000.0
61,403,4.0,1600000000.0
62,403,5.0,1600000000.0
63,403,5.0,1600000000.0
69,403,4.0,1600000000.0
70,403,4.5,1600000000.0
73,403,3.5,1600000000.0
74,403,4.5,1600000000.0
75,403,5.0,1600000000.0
82,403,4.5,1600000000.0
83,403,5.0,1600000000.0
87,403,4.0,1600000000.0
90,403,4.5,1600000000.0
96,403,4.5,1600000000.0
2,404,4.0,1600000000.0
4,404,5.0,1600000000.0
5,404,4.5,1600000000.0
12,404,5.0,1600000000.0
14,404,5.0,1600000000.0
21,404,3.5,1600000000.0
22,404,5.0,1600000000.0
25,404,5.0,1600000000.0
31,404,4.0,1600000000.0
35,404,4.0,1600000000.0
37,404,4.0,1600000000.0
39,404,4.0,1600000000.0
47,404,3.5,1600000000.0
56,404,5.0,1600000000.0
66,404,3.5,1600000000.0
67,404,4.0,1600000000.0
68,404,3.5,1600000000.0
69,404,4.0,1600000000.0
72,404,4.0,1600000000.0
76,404,3.5,1600000000.0
85,404,5.0,1600000000.0
86,404,4.0,1600000000.0
91,404,4.5,1600000000.0
95,404,4.5,1600000000.0
97,404,5.0,1600000000.0
98,404,4.5,1600000000.0
2,405,4.0,1600000000.0
5,405,5.0,1600000000.0
12,405,5.0,1600000000.0
14,405,4.5,1600000000.0
15,405,4.5,1600000000.0
16,405,3.5,1600000000.0
18,405,4.5,1600000000.0
22,405,5.0,1600000000.0
25,405,4.5,1600000000.0
27,405,4.0,1600000000.0
28,405,5.0,1600000000.0
31,405,4.0,1600000000.0
36,405,4.0,1600000000.0
40,405,4.0,1600000000.0
45,405,5.0,1600000000.0
46,405,4.0,1600000000.0
52,405,5.0,1600000000.0
56,405,5.0,1600000000.0
63,405,4.0,1600000000.0
64,405,4.0,1600000000.0
66,405,5.0,1600000000.0
67,405,5.0,1600000000.0
71,405,3.5,1600000000.0
74,405,5.0,1600000000.0
75,405,4.0,1600000000.0
78,405,4.0,1600000000.0
81,405,3.5,1600000000.0
83,405,4.0,1600000000.0
84,405,3.5,1600000000.0
85,405,4.0,1600000000.0
87,405,4.0,1600000000.0
88,405,4.5,1600000000.0
91,405,4.5,1600000000.0
93,405,4.5,1600000000.0
97,405,4.0,1600000000.0
98,405,4.0,1600000000.0
5,406,4.5,1600000000.0
7,406,4.0,1600000000.0
8,406,4.5,1600000000.0
10,406,5.0,1600000000.0
12,406,5.0,1600000000.0
14,406,4.0,1600000000.0
15,406,5.0,1600000000.0
16,406,4.0,1600000000.0
17,406,5.0,1600000000.0
19,406,5.0,1600000000.0
21,406,5.0,1600000000.0
31,406,4.0,1600000000.0
37,406,4.0,1600000000.0
39,406,4.0,1600000000.0
40,406,4.5,1600000000.0
42,406,3.5,1600000000.0
53,406,5.0,1600000000.0
57,406,5.0,1600000000.0
58,406,5.0,1600000000.0
61,406,5.0,1600000000.0
62,406,5.0,1600000000.0
69,406,4.0,1600000000.0
70,406,5.0,1600000000.0
71,406,3.5,1600000000.0
73,406,4.5,1600000000.0
75,406,5.0,1600000000.0
77,406,4.5,1600000000.0
78,406,4.5,1600000000.0
86,406,4.0,1600000000.0
97,406,4.0,1600000000.0
100,406,4.5,1600000000.0
1,407,5.0,1600000000.0
6,407,4.0,1600000000.0
8,407,4.0,1600000000.0
13,407,5.0,1600000000.0
15,407,5.0,1600000000.0
16,407,3.5,1600000000.0
19,407,5.0,1600000000.0
26,407,5.0,1600000000.0
28,407,4.5,1600000000.0
29,407,3.5,1600000000.0
30,407,4.5,1600000000.0
32,407,4.0,1600000000.0
33,407,5.0,1600000000.0
36,407,4.0,1600000000.0
38,407,4.5,1600000000.0
40,407,3.5,1600000000.0
43,407,5.0,1600000000.0
45,407,4.5,1600000000.0
46,407,3.5,1600000000.0
50,407,3.5,1600000000.0
51,407,5.0,1600000000.0
55,407,5.0,1600000000.0
56,407,4.5,1600000000.0
58,407,5.0,1600000000.0
61,407,4.5,1600000000.0
74,407,4.5,1600000000.0
75,407,4.5,1600000000.0
79,407,5.0,1600000000.0
81,407,4.5,1600000000.0
82,407,5.0,1600000000.0
84,407,4.0,1600000000.0
85,407,5.0,1600000000.0
90,407,5.0,1600000000.0
92,407,5.0,1600000000.0
98,407,5.0,1600000000.0
99,407,4.0,1600000000.0
7,408,5.0,1600000000.0
8,408,4.0,1600000000.0
13,408,4.0,1600000000.0
15,408,4.5,1600000000.0
17,408,5.0,1600000000.0
20,408,3.5,1600000000.0
22,408,4.5,1600000000.0
28,408,4.0,1600000000.0
34,408,4.0,1600000000.0
35,408,4.0,1600000000.0
36,408,3.5,1600000000.0
41,408,4.5,1600000000.0
44,408,5.0,1600000000.0
46,408,5.0,1600000000.0
51,408,5.0,1600000000.0
55,408,4.5,1600000000.0
56,408,4.5,1600000000.0
58,408,5.0,1600000000.0
59,408,4.5,1600000000.0
60,408,4.5,1600000000.0
62,408,3.5,1600000000.0
65,408,4.0,1600000000.0
69,408,5.0,1600000000.0
70,408,4.0,1600000000.0
74,408,5.0,1600000000.0
75,408,4.5,1600000000.0
76,408,3.5,1600000000.0
79,408,3.5,1600000000.0
89,408,4.5,1600000000.0
90,408,4.0,1600000000.0
94,408,5.0,1600000000.0
96,408,5.0,1600000000.0
98,408,4.0,1600000000.0
4,409,3.5,1600000000.0
7,409,5.0,1600000000.0
10,409,3.5,1600000000.0
11,409,4.0,1600000000.0
22,409,4.0,1600000000.0
25,409,5.0,1600000000.0
27,409,4.0,1600000000.0
28,409,5.0,1600000000.0
30,409,4.5,1600000000.0
33,409,4.0,1600000000.0
37,409,3.5,1600000000.0
39,409,5.0,1600000000.0
40,409,4.5,1600000000.0
44,409,5.0,1600000000.0
46,409,5.0,1600000000.0
50,409,4.0,1600000000.0
54,409,5.0,1600000000.0
56,409,4.0,1600000000.0
59,409,4.0,1600000000.0
62,409,4.0,1600000000.0
71,409,4.0,1600000000.0
74,409,5.0,1600000000.0
75,409,5.0,1600000000.0
76,409,5.0,1600000000.0
80,409,4.0,1600000000.0
90,409,4.5,1600000000.0
92,409,4.0,1600000000.0
93,409,4.5,1600000000.0
95,409,4.0,1600000000.0
98,409,3.5,1600000000.0
99,409,4.0,1600000000.0
1,410,5.0,1600000000.0
5,410,3.5,1600000000.0
8,410,5.0,1600000000.0
9,410,4.0,1600000000.0
11,410,5.0,1600000000.0
14,410,3.5,1600000000.0
15,410,5.0,1600000000.0
22,410,4.0,1600000000.0
24,410,4.0,1600000000.0
25,410,3.5,1600000000.0
27,410,4.0,1600000000.0
29,410,4.0,1600000000.0
33,410,4.0,1600000000.0
34,410,3.5,1600000000.0
36,410,4.0,1600000000.0
38,410,3.5,1600000000.0
43,410,4.5,1600000000.0
45,410,4.5,1600000000.0
46,410,5.0,1600000000.0
50,410,3.5,1600000000.0
51,410,4.5,1600000000.0
52,410,5.0,1600000000.0
53,410,4.0,1600000000.0
72,410,5.0,1600000000.0
73,410,4.5,1600000000.0
78,410,5.0,1600000000.0
80,410,5.0,1600000000.0
82,410,4.0,1600000000.0
83,410,4.0,1600000000.0
87,410,4.0,1600000000.0
89,410,4.5,1600000000.0
90,410,5.0,1600000000.0
91,410,3.5,1600000000.0
95,410,4.5,1600000000.0
97,410,5.0,1600000000.0
100,410,4.0,1600000000.0
1,411,4.0,1600000000.0
3,411,4.5,1600000000.0
5,411,4.5,1600000000.0
6,411,5.0,1600000000.0
7,411,4.0,1600000000.0
11,411,4.0,1600000000.0
12,411,5.0,1600000000.0
16,411,4.0,1600000000.0
17,411,4.0,1600000000.0
23,411,5.0,1600000000.0
25,411,4.0,1600000000.0
28,411,4.0,1600000000.0
30,411,5.0,1600000000.0
31,411,4.0,1600000000.0
34,411,5.0,1600000000.0
43,411,4.5,1600000000.0
44,411,5.0,1600000000.0
46,411,5.0,1600000000.0
49,411,4.5,1600000000.0
51,411,5.0,1600000000.0
53,411,3.5,1600000000.0
55,411,5.0,1600000000.0
60,411,4.5,1600000000.0
64,411,5.0,1600000000.0
65,411,5.0,1600000000.0
78,411,4.0,1600000000.0
81,411,4.5,1600000000.0
85,411,4.5,1600000000.0
87,411,3.5,1600000000.0
11,412,5.0,1600000000.0
15,412,4.0,1600000000.0
21,412,5.0,1600000000.0
23,412,4.5,1600000000.0
24,412,4.0,1600000000.0
26,412,5.0,1600000000.0
32,412,5.0,1600000000.0
35,412,4.0,1600000000.0
36,412,5.0,1600000000.0
46,412,5.0,1600000000.0
49,412,5.0,1600000000.0
53,412,4.0,1600000000.0
54,412,4.5,1600000000.0
55,412,3.5,1600000000.0
56,412,4.0,1600000000.0
59,412,4.5,1600000000.0
65,412,4.5,1600000000.0
66,412,5.0,1600000000.0
68,412,4.5,1600000000.0
70,412,3.5,1600000000.0
73,412,4.0,1600000000.0
75,412,4.0,1600000000.0
77,412,3.5,1600000000.0
79,412,4.5,1600000000.0
80,412,4.0,1600000000.0
81,412,5.0,1600000000.0
84,412,4.0,1600000000.0
86,412,4.5,1600000000.0
87,412,4.0,1600000000.0
88,412,4.0,1600000000.0
89,412,3.5,1600000000.0
91,412,4.0,1600000000.0
96,412,4.0,1600000000.0
99,412,5.0,1600000000.0
3,413,5.0,1600000000.0
7,413,4.5,1600000000.0
8,413,4.0,1600000000.0
10,413,4.0,1600000000.0
15,413,5.0,1600000000.0
16,413,5.0,1600000000.0
19,413,4.5,1600000000.0
24,413,4.0,1600000000.0
27,413,4.0,1600000000.0
29,413,5.0,1600000000.0
36,413,5.0,1600000000.0
40,413,5.0,1600000000.0
41,413,4.0,1600000000.0
44,413,3.5,1600000000.0
48,413,5.0,1600000000.0
52,413,3.5,1600000000.0
53,413,5.0,1600000000.0
54,413,4.0,1600000000.0
58,413,5.0,1600000000.0
61,413,4.0,1600000000.0
64,413,5.0,1600000000.0
68,413,3.5,1600000000.0
77,413,3.5,1600000000.0
82,413,4.0,1600000000.0
83,413,4.0,1600000000.0
84,413,4.5,1600000000.0
86,413,5.0,1600000000.0
89,413,3.5,1600000000.0
91,413,4.0,1600000000.0
93,413,4.0,1600000000.0
94,413,3.5,1600000000.0
97,413,4.0,1600000000.0
98,413,4.0,1600000000.0
4,414,4.0,1600000000.0
7,414,5.0,1600000000.0
8,414,4.0,1600000000.0
11,414,4.5,1600000000.0
21,414,4.0,1600000000.0
25,414,3.5,1600000000.0
29,414,4.5,1600000000.0
30,414,4.5,1600000000.0
31,414,4.0,1600000000.0
32,414,4.5,1600000000.0
34,414,5.0,1600000000.0
36,414,3.5,1600000000.0
37,414,4.0,1600000000.0
38,414,4.5,1600000000.0
39,414,3.5,1600000000.0
42,414,4.0,1600000000.0
45,414,5.0,1600000000.0
47,414,4.0,1600000000.0
51,414,4.0,1600000000.0
54,414,5.0,1600000000.0
60,414,4.5,1600000000.0
75,414,4.5,1600000000.0
85,414,4.0,1600000000.0
87,414,4.0,1600000000.0
90,414,5.0,1600000000.0
92,414,3.5,1600000000.0
95,414,5.0,1600000000.0
97,414,3.5,1600000000.0
98,414,4.0,1600000000.0
100,414,5.0,1600000000.0
2,415,5.0,1600000000.0
3,415,4.0,1600000000.0
4,415,4.0,1600000000.0
5,415,4.0,1600000000.0
7,415,4.5,1600000000.0
10,415,3.5,1600000000.0
13,415,3.5,1600000000.0
14,415,5.0,1600000000.0
16,415,4.0,1600000000.0
18,415,3.5,1600000000.0
20,415,4.0,1600000000.0
21,415,3.5,1600000000.0
23,415,4.0,1600000000.0
26,415,4.0,1600000000.0
28,415,4.5,1600000000.0
29,415,3.5,1600000000.0
30,415,5.0,1600000000.0
31,415,4.0,1600000000.0
32,415,5.0,1600000000.0
33,415,4.0,1600000000.0
34,415,5.0,1600000000.0
35,415,4.0,1600000000.0
37,415,3.5,1600000000.0
38,415,5.0,1600000000.0
39,415,5.0,1600000000.0
43,415,4.0,1600000000.0
46,415,4.5,1600000000.0
48,415,5.0,1600000000.0
49,415,5.0,1600000000.0
50,415,5.0,1600000000.0
52,415,4.0,1600000000.0
53,415,5.0,1600000000.0
63,415,4.0,1600000000.0
67,415,4.0,1600000000.0
68,415,5.0,1600000000.0
74,415,5.0,1600000000.0
76,415,4.0,1600000000.0
77,415,4.0,1600000000.0
78,415,4.0,1600000000.0
79,415,4.5,1600000000.0
83,415,5.0,1600000000.0
85,415,4.0,1600000000.0
86,415,4.0,1600000000.0
89,415,5.0,1600000000.0
90,415,3.5,1600000000.0
91,415,4.0,1600000000.0
92,415,4.0,1600000000.0
94,415,5.0,1600000000.0
95,415,5.0,1600000000.0
96,415,5.0,1600000000.0
100,415,5.0,1600000000.0
1,416,5.0,1600000000.0
3,416,5.0,1600000000.0
4,416,4.0,1600000000.0
5,416,5.0,1600000000.0
7,416,3.5,1600000000.0
14,416,5.0,1600000000.0
24,416,4.0,1600000000.0
25,416,4.5,1600000000.0
26,416,3.5,1600000000.0
30,416,4.0,1600000000.0
31,416,5.0,1600000000.0
33,416,3.5,1600000000.0
34,416,4.0,1600000000.0
38,416,3.5,1600000000.0
44,416,4.0,1600000000.0
48,416,3.5,1600000000.0
52,416,4.5,1600000000.0
56,416,4.0,1600000000.0
60,416,4.5,1600000000.0
67,416,4.5,1600000000.0
69,416,4.0,1600000000.0
72,416,3.5,1600000000.0
74,416,3.5,1600000000.0
76,416,4.5,1600000000.0
78,416,4.0,1600000000.0
80,416,5.0,1600000000.0
86,416,4.0,1600000000.0
88,416,5.0,1600000000.0
90,416,4.0,1600000000.0
94,416,3.5,1600000000.0
99,416,5.0,1600000000.0
2,417,4.0,1600000000.0
5,417,4.0,1600000000.0
9,417,4.5,1600000000.0
10,417,4.0,1600000000.0
17,417,3.5,1600000000.0
19,417,4.0,1600000000.0
25,417,4.0,1600000000.0
26,417,5.0,1600000000.0
27,417,4.5,1600000000.0
30,417,3.5,1600000000.0
37,417,4.0,1600000000.0
38,417,3.5,1600000000.0
45,417,4.0,1600000000.0
49,417,4.0,1600000000.0
50,417,3.5,1600000000.0
56,417,4.0,1600000000.0
58,417,5.0,1600000000.0
62,417,4.5,1600000000.0
65,417,4.0,1600000000.0
66,417,4.5,1600000000.0
72,417,5.0,1600000000.0
73,417,4.5,1600000000.0
74,417,5.0,1600000000.0
80,417,5.0,1600000000.0
82,417,3.5,1600000000.0
83,417,4.0,1600000000.0
85,417,4.0,1600000000.0
89,417,5.0,1600000000.0
90,417,5.0,1600000000.0
92,417,3.5,1600000000.0
96,417,5.0,1600000000.0
3,418,4.0,1600000000.0
12,418,5.0,1600000000.0
14,418,5.0,1600000000.0
15,418,5.0,1600000000.0
16,418,3.5,1600000000.0
20,418,3.5,1600000000.0
21,418,5.0,1600000000.0
24,418,5.0,1600000000.0
25,418,4.5,1600000000.0
28,418,5.0,1600000000.0
30,418,5.0,1600000000.0
32,418,4.0,1600000000.0
34,418,3.5,1600000000.0
36,418,4.5,1600000000.0
37,418,3.5,1600000000.0
38,418,5.0,1600000000.0
39,418,4.0,1600000000.0
41,418,5.0,1600000000.0
46,418,4.5,1600000000.0
49,418,4.0,1600000000.0
50,418,5.0,1600000000.0
52,418,5.0,1600000000.0
55,418,5.0,1600000000.0
62,418,4.5,1600000000.0
63,418,3.5,1600000000.0
65,418,3.5,1600000000.0
68,418,3.5,1600000000.0
69,418,4.5,1600000000.0
70,418,5.0,1600000000.0
79,418,4.0,1600000000.0
80,418,3.5,1600000000.0
83,418,4.0,1600000000.0
84,418,5.0,1600000000.0
90,418,4.0,1600000000.0
95,418,4.0,1600000000.0
97,418,4.0,1600000000.0
98,418,5.0,1600000000.0
1,419,3.5,1600000000.0
5,419,4.0,1600000000.0
6,419,4.0,1600000000.0
8,419,3.5,1600000000.0
10,419,4.0,1600000000.0
12,419,5.0,1600000000.0
15,419,3.5,1600000000.0
16,419,4.0,1600000000.0
17,419,5.0,1600000000.0
18,419,4.0,1600000000.0
21,419,5.0,1600000000.0
25,419,5.0,1600000000.0
26,419,4.0,1600000000.0
27,419,3.5,1600000000.0
28,419,3.5,1600000000.0
29,419,4.0,1600000000.0
34,419,4.0,1600000000.0
35,419,4.0,1600000000.0
37,419,4.5,1600000000.0
39,419,5.0,1600000000.0
46,419,4.0,1600000000.0
50,419,5.0,1600000000.0
58,419,5.0,1600000000.0
59,419,4.0,1600000000.0
63,419,4.0,1600000000.0
64,419,4.5,1600000000.0
68,419,5.0,1600000000.0
71,419,4.5,1600000000.0
75,419,3.5,1600000000.0
76,419,3.5,1600000000.0
78,419,4.0,1600000000.0
79,419,5.0,1600000000.0
80,419,4.0,1600000000.0
83,419,5.0,1600000000.0
84,419,4.0,1600000000.0
87,419,5.0,1600000000.0
88,419,5.0,1600000000.0
91,419,4.0,1600000000.0
93,419,3.5,1600000000.0
95,419,3.5,1600000000.0
2,420,5.0,1600000000.0
3,420,4.5,1600000000.0
5,420,4.0,1600000000.0
6,420,5.0,1600000000.0
7,420,5.0,1600000000.0
9,420,5.0,1600000000.0
10,420,5.0,1600000000.0
11,420,5.0,1600000000.0
13,420,4.0,1600000000.0
15,420,5.0,1600000000.0
16,420,4.0,1600000000.0
21,420,4.0,1600000000.0
26,420,5.0,1600000000.0
28,420,5.0,1600000000.0
30,420,5.0,1600000000.0
32,420,4.0,1600000000.0
33,420,3.5,1600000000.0
38,420,4.0,1600000000.0
40,420,4.0,1600000000.0
48,420,4.0,1600000000.0
49,420,4.0,1600000000.0
50,420,4.0,1600000000.0
51,420,3.5,1600000000.0
54,420,5.0,1600000000.0
63,420,4.0,1600000000.0
65,420,4.0,1600000000.0
66,420,4.0,1600000000.0
70,420,5.0,1600000000.0
71,420,4.0,1600000000.0
73,420,5.0,1600000000.0
84,420,4.5,1600000000.0
89,420,5.0,1600000000.0
90,420,3.5,1600000000.0
92,420,4.0,1600000000.0
93,420,5.0,1600000000.0
96,420,4.5,1600000000.0
2,421,4.5,1600000000.0
3,421,4.0,1600000000.0
4,421,4.0,1600000000.0
8,421,5.0,1600000000.0
9,421,4.0,1600000000.0
10,421,4.0,1600000000.0
11,421,3.5,1600000000.0
15,421,4.5,1600000000.0
16,421,4.5,1600000000.0
20,421,5.0,1600000000.0
24,421,5.0,1600000000.0
25,421,4.0,1600000000.0
26,421,4.0,1600000000.0
30,421,4.0,1600000000.0
32,421,4.0,1600000000.0
36,421,3.5,1600000000.0
41,421,4.0,1600000000.0
42,421,4.5,1600000000.0
48,421,4.0,1600000000.0
49,421,3.5,1600000000.0
53,421,4.5,1600000000.0
54,421,5.0,1600000000.0
56,421,4.5,1600000000.0
58,421,5.0,1600000000.0
60,421,4.0,1600000000.0
66,421,4.0,1600000000.0
67,421,5.0,1600000000.0
71,421,3.5,1600000000.0
74,421,5.0,1600000000.0
77,421,5.0,1600000000.0
82,421,5.0,1600000000.0
84,421,5.0,1600000000.0
90,421,4.5,1600000000.0
91,421,3.5,1600000000.0
96,421,3.5,1600000000.0
98,421,4.0,1600000000.0
99,421,4.0,1600000000.0
100,421,5.0,1600000000.0
5,422,3.5,1600000000.0
11,422,5.0,1600000000.0
17,422,5.0,1600000000.0
36,422,3.5,1600000000.0
37,422,5.0,1600000000.0
38,422,4.5,1600000000.0
39,422,5.0,1600000000.0
41,422,4.0,1600000000.0
42,422,4.0,1600000000.0
44,422,4.0,1600000000.0
54,422,4.0,1600000000.0
55,422,4.0,1600000000.0
57,422,3.5,1600000000.0
60,422,5.0,1600000000.0
61,422,4.5,1600000000.0
62,422,5.0,1600000000.0
63,422,4.0,1600000000.0
65,422,4.0,1600000000.0
66,422,4.0,1600000000.0
70,422,4.0,1600000000.0
76,422,4.0,1600000000.0
77,422,4.5,1600000000.0
79,422,5.0,1600000000.0
81,422,4.0,1600000000.0
82,422,4.5,1600000000.0
85,422,5.0,1600000000.0
87,422,3.5,1600000000.0
91,422,5.0,1600000000.0
3,423,4.5,1600000000.0
4,423,3.5,1600000000.0
5,423,4.5,1600000000.0
7,423,3.5,1600000000.0
8,423,4.0,1600000000.0
10,423,4.0,1600000000.0
12,423,4.5,1600000000.0
18,423,4.0,1600000000.0
20,423,4.0,1600000000.0
24,423,5.0,1600000000.0
26,423,5.0,1600000000.0
27,423,3.5,1600000000.0
28,423,4.5,1600000000.0
29,423,5.0,1600000000.0
35,423,4.0,1600000000.0
37,423,4.0,1600000000.0
38,423,5.0,1600000000.0
39,423,4.5,1600000000.0
42,423,4.0,1600000000.0
43,423,4.0,1600000000.0
44,423,4.5,1600000000.0
49,423,4.0,1600000000.0
50,423,3.5,1600000000.0
53,423,3.5,1600000000.0
55,423,5.0,1600000000.0
61,423,5.0,1600000000.0
62,423,4.5,1600000000.0
64,423,5.0,1600000000.0
65,423,4.5,1600000000.0
66,423,4.0,1600000000.0
72,423,4.5,1600000000.0
74,423,4.0,1600000000.0
75,423,5.0,1600000000.0
76,423,5.0,1600000000.0
79,423,4.0,1600000000.0
81,423,4.0,1600000000.0
82,423,4.0,1600000000.0
85,423,3.5,1600000000.0
86,423,4.0,1600000000.0
89,423,5.0,1600000000.0
90,423,5.0,1600000000.0
94,423,4.5,1600000000.0
95,423,5.0,1600000000.0
97,423,3.5,1600000000.0
99,423,4.0,1600000000.0
2,424,5.0,1600000000.0
4,424,4.0,1600000000.0
6,424,4.5,1600000000.0
9,424,3.5,1600000000.0
11,424,5.0,1600000000.0
16,424,5.0,1600000000.0
17,424,3.5,1600000000.0
18,424,4.0,1600000000.0
25,424,4.0,1600000000.0
26,424,4.0,1600000000.0
29,424,5.0,1600000000.0
31,424,4.5,1600000000.0
32,424,3.5,1600000000.0
34,424,4.0,1600000000.0
36,424,4.5,1600000000.0
39,424,4.0,1600000000.0
40,424,5.0,1600000000.0
41,424,4.0,1600000000.0
43,424,4.0,1600000000.0
54,424,5.0,1600000000.0
58,424,5.0,1600000000.0
59,424,3.5,1600000000.0
61,424,5.0,1600000000.0
63,424,4.5,1600000000.0
66,424,4.5,1600000000.0
68,424,3.5,1600000000.0
70,424,4.0,1600000000.0
71,424,5.0,1600000000.0
75,424,3.5,1600000000.0
82,424,5.0,1600000000.0
83,424,5.0,1600000000.0
84,424,5.0,1600000000.0
85,424,5.0,1600000000.0
86,424,5.0,1600000000.0
88,424,5.0,1600000000.0
90,424,5.0,1600000000.0
91,424,3.5,1600000000.0
97,424,5.0,1600000000.0
1,425,5.0,1600000000.0
2,425,4.5,1600000000.0
3,425,5.0,1600000000.0
4,425,3.5,1600000000.0
7,425,4.0,1600000000.0
9,425,4.0,1600000000.0
10,425,4.5,1600000000.0
11,425,4.0,1600000000.0
16,425,5.0,1600000000.0
18,425,5.0,1600000000.0
24,425,4.0,1600000000.0
31,425,4.0,1600000000.0
35,425,5.0,1600000000.0
37,425,5.0,1600000000.0
42,425,4.5,1600000000.0
44,425,4.5,1600000000.0
45,425,3.5,1600000000.0
46,425,4.5,1600000000.0
50,425,4.0,1600000000.0
54,425,5.0,1600000000.0
57,425,3.5,1600000000.0
59,425,5.0,1600000000.0
62,425,4.0,1600000000.0
65,425,4.0,1600000000.0
68,425,4.0,1600000000.0
70,425,5.0,1600000000.0
75,425,5.0,1600000000.0
76,425,4.0,1600000000.0
78,425,4.0,1600000000.0
82,425,4.0,1600000000.0
87,425,4.0,1600000000.0
90,425,5.0,1600000000.0
91,425,4.5,1600000000.0
92,425,5.0,1600000000.0
93,425,3.5,1600000000.0
94,425,5.0,1600000000.0
96,425,4.0,1600000000.0
3,426,5.0,1600000000.0
4,426,4.0,1600000000.0
5,426,5.0,1600000000.0
9,426,5.0,1600000000.0
10,426,5.0,1600000000.0
12,426,4.5,1600000000.0
15,426,5.0,1600000000.0
17,426,4.0,1600000000.0
19,426,4.5,1600000000.0
20,426,5.0,1600000000.0
31,426,3.5,1600000000.0
32,426,4.0,1600000000.0
34,426,4.0,1600000000.0
35,426,4.5,1600000000.0
36,426,4.0,1600000000.0
51,426,4.5,1600000000.0
52,426,3.5,1600000000.0
53,426,5.0,1600000000.0
56,426,5.0,1600000000.0
59,426,3.5,1600000000.0
63,426,4.5,1600000000.0
65,426,4.5,1600000000.0
66,426,4.5,1600000000.0
67,426,4.0,1600000000.0
69,426,5.0,1600000000.0
70,426,4.0,1600000000.0
71,426,4.5,1600000000.0
77,426,4.0,1600000000.0
79,426,5.0,1600000000.0
82,426,4.0,1600000000.0
85,426,5.0,1600000000.0
91,426,4.0,1600000000.0
94,426,5.0,1600000000.0
95,426,4.5,1600000000.0
97,426,4.0,1600000000.0
99,426,4.0,1600000000.0
1,427,4.5,1600000000.0
2,427,4.0,1600000000.0
13,427,5.0,1600000000.0
15,427,4.0,1600000000.0
16,427,4.0,1600000000.0
19,427,3.5,1600000000.0
20,427,4.0,1600000000.0
21,427,4.5,1600000000.0
25,427,5.0,1600000000.0
27,427,4.5,1600000000.0
30,427,5.0,1600000000.0
33,427,4.0,1600000000.0
37,427,5.0,1600000000.0
38,427,4.0,1600000000.0
43,427,5.0,1600000000.0
49,427,4.0,1600000000.0
53,427,4.0,1600000000.0
59,427,4.0,1600000000.0
62,427,3.5,1600000000.0
64,427,4.5,1600000000.0
65,427,4.0,1600000000.0
71,427,4.5,1600000000.0
72,427,4.0,1600000000.0
74,427,4.5,1600000000.0
78,427,3.5,1600000000.0
85,427,3.5,1600000000.0
88,427,4.0,1600000000.0
91,427,5.0,1600000000.0
96,427,4.0,1600000000.0
